Workbook

Sheet 거래명세서양식
A1: 3권 | C1: 31호 | E1: 거래명세표 | T1: =A1 -> 3권 | V1: =C1 -> 31호 | X1: 거래명세표
A2: 작성일자 | D2: =TODAY() -> 46113 | I2: 공 | J2: 사업자번호 | N2: 560.17.02264 | T2: 작성일자 | W2: =D2 -> 46113 | AB2: 공 | AC2: 사업자번호 | AG2: =N2 -> 560.17.02264
A3: 공급받는자 | D3: 팜에이트 | J3: 상호명 | L3: 이오도 | O3: 성명 | Q3: 유 성덕 | T3: 공급받는자 | W3: =D3 -> 팜에이트 | AC3: 상호명 | AE3: =L3 -> 이오도 | AH3: 성명 | AJ3: =Q3 -> 유 성덕
I4: 급 | J4: 주소 | L4: 부산시 남구 용소로34번길 24-6 | AB4: 급 | AC4: 주소 | AE4: =L4 -> 부산시 남구 용소로34번길 24-6
J5: 업태 | L5: 제조外 | N5: 종목 | P5: 커피外 | AC5: 업태 | AE5: =L5 -> 제조外 | AG5: 종목 | AI5: =P5 -> 커피外
A6: 아래와 같이 계산합니다. | I6: 자 | J6: 전화번호 | M6: 051.621.9771 | T6: 아래와 같이 계산합니다. | AB6: 자 | AC6: 전화번호 | AF6: =M6 -> 051.621.9771
A8: 합계금액 | E8: ="일금"&TEXT(M25+P25,"[DBNum4]")&"원정(\"&TEXT(M25+P25,"#,###")&")" -> 일금이십사만이천원정(\242,000) | T8: 합계금액 | X8: =E8 -> 일금이십사만이천원정(\242,000)
A9: NO | B9: 품목 | F9: 규격/단위 | I9: 수량 | J9: 단가 | M9: 공급가액 | P9: 세액 | T9: NO | U9: 품목 | Y9: 규격/단위 | AB9: 수량 | AC9: 단가 | AF9: 공급가액 | AI9: 세액
A10: 1 | B10: 블렌딩-라이트. | F10: =IF(ISERROR(VLOOKUP(B10,단가!B:C,2,FALSE)),"",VLOOKUP(B10,단가!B:C,2,FALSE)) -> 1/KG | I10: 10 | J10: =IF(ISERROR(VLOOKUP(B10,단가!B:D,3,FALSE)),"",VLOOKUP(B10,단가!B:D,3,FALSE)) -> 22000 | M10: =J10*I10 -> 220000 | P10: =M10/10 -> 22000 | T10: =A10 -> 1 | U10: =B10 -> 블렌딩-라이트. | Y10: =F10 -> 1/KG | AB10: =I10 -> 10 | AC10: =J10 -> 22000 | AF10: =M10 -> 220000 | AI10: =P10 -> 22000
A25: 계 | M25: =SUM(M10:O24) -> 220000 | P25: =SUM(P10:R24) -> 22000 | T25: 계 | AF25: =M25 -> 220000 | AI25: =P25 -> 22000
A26: 입금계좌 | C26: 부산B 101.2087.7763.06 / 이오도 유 성덕 | M26: 인수자 | T26: =A26 -> 입금계좌 | V26: =C26 -> 부산B 101.2087.7763.06 / 이오도 유 성덕 | AF26: 인수자

Sheet 2026년 거래처별-납품현황
A1: 납품일 | B1: 횟수 | C1: 거래처명 | D1: 납품 품목 | E1: 규격/단위 | F1: 수량 | G1: 단가 | H1: 공급가액 | I1: 세액 | J1: 계 | K1: 총액 | M1: =SUBTOTAL(9,J:J) -> #N/A
A2: 01/02 | C2: 주식회사 그랜드타이어 부산시청지점 | D2: 블렌딩-다크(그랜드타이어) | E2: 1/KG | F2: 2 | G2: =VLOOKUP(D2,단가!B:D,3,0) -> 32000 | H2: =F2*G2 -> 64000 | I2: =H2*0.1 -> 6400 | J2: =H2+I2 -> 70400
A3: 01/05 | C3: 주식회사 그랜드타이어 연지점 | D3: 블렌딩-다크(그랜드타이어) | E3: 1/KG | F3: 3 | G3: =VLOOKUP(D3,단가!B:D,3,0) -> 32000 | H3: =F3*G3 -> 96000 | I3: =H3*0.1 -> 9600 | J3: =H3+I3 -> 105600
A4: 01/05 | C4: 라미랑드 | D4: 블렌딩-다크. | E4: 1/KG | F4: 22 | G4: =VLOOKUP(D4,단가!B:D,3,0) -> 25000 | H4: =F4*G4 -> 550000 | I4: =H4*0.1 -> 55000 | J4: =H4+I4 -> 605000
A5: 01/05 | C5: 라미랑드 | D5: 예가체프(25도) | E5: 200/G | F5: 5 | G5: =VLOOKUP(D5,단가!B:D,3,0) -> 10500 | H5: =F5*G5 -> 52500 | I5: =H5*0.1 -> 5250 | J5: =H5+I5 -> 57750
A6: 01/08 | C6: 라미랑드 | D6: 블렌딩-다크. | E6: 1/KG | F6: 5 | G6: =VLOOKUP(D6,단가!B:D,3,0) -> 25000 | H6: =F6*G6 -> 125000 | I6: =H6*0.1 -> 12500 | J6: =H6+I6 -> 137500
A7: 01/08 | C7: 라미랑드 | D7: 케냐(25도) | E7: 200/G | F7: 5 | G7: =VLOOKUP(D7,단가!B:D,3,0) -> 10500 | H7: =F7*G7 -> 52500 | I7: =H7*0.1 -> 5250 | J7: =H7+I7 -> 57750
A8: 01/08 | C8: 라미랑드 | D8: 코케허니(25도) | E8: 200/G | F8: 5 | G8: =VLOOKUP(D8,단가!B:D,3,0) -> 10500 | H8: =F8*G8 -> 52500 | I8: =H8*0.1 -> 5250 | J8: =H8+I8 -> 57750
A9: 01/08 | C9: 라미랑드 | D9: 예가체프(25도) | E9: 200/G | F9: 5 | G9: =VLOOKUP(D9,단가!B:D,3,0) -> 10500 | H9: =F9*G9 -> 52500 | I9: =H9*0.1 -> 5250 | J9: =H9+I9 -> 57750
A10: 01/13 | C10: 라미랑드 | D10: 블렌딩-다크. | E10: 1/KG | F10: 25 | G10: =VLOOKUP(D10,단가!B:D,3,0) -> 25000 | H10: =F10*G10 -> 625000 | I10: =H10*0.1 -> 62500 | J10: =H10+I10 -> 687500
A11: 01/13 | C11: 라미랑드 | D11: 아체가요마운틴(25도) | E11: 200/G | F11: 5 | G11: =VLOOKUP(D11,단가!B:D,3,0) -> 10500 | H11: =F11*G11 -> 52500 | I11: =H11*0.1 -> 5250 | J11: =H11+I11 -> 57750
A12: 01/13 | C12: 라미랑드 | D12: 만델링(25도) | E12: 200/G | F12: 5 | G12: =VLOOKUP(D12,단가!B:D,3,0) -> 10500 | H12: =F12*G12 -> 52500 | I12: =H12*0.1 -> 5250 | J12: =H12+I12 -> 57750
A13: 01/13 | C13: 라미랑드 | D13: 안티구아(25도) | E13: 200/G | F13: 5 | G13: =VLOOKUP(D13,단가!B:D,3,0) -> 10500 | H13: =F13*G13 -> 52500 | I13: =H13*0.1 -> 5250 | J13: =H13+I13 -> 57750
... A20: 01/13 | C20: 라미랑드 | D20: 디카페인(납품). | E20: 200/G | F20: 1 | G20: =VLOOKUP(D20,단가!B:D,3,0) -> 14000 | H20: =F20*G20 -> 14000 | I20: =H20*0.1 -> 1400 | J20: =H20+I20 -> 15400
A21: 01/14 | C21: 메리본 | D21: 블렌딩-다크. | E21: 1/KG | F21: 3 | G21: =VLOOKUP(D21,단가!B:D,3,0) -> 25000 | H21: =F21*G21 -> 75000 | J21: =H21+I21 -> 75000
A22: 01/14 | C22: 길 연산점 | D22: 블렌딩-다크(길) | E22: 1/KG | F22: 10 | G22: =VLOOKUP(D22,단가!B:D,3,0) -> 26000 | H22: =F22*G22 -> 260000 | I22: =H22*0.1 -> 26000 | J22: =H22+I22 -> 286000
A23: 01/14 | C23: 길 연산점 | D23: 디카페인 더치(길) | E23: 1/L | F23: 1 | G23: =VLOOKUP(D23,단가!B:D,3,0) -> 15000 | H23: =F23*G23 -> 15000 | I23: =H23*0.1 -> 1500 | J23: =H23+I23 -> 16500
A24: 01/22 | C24: 길 달맞이점 | D24: 블렌딩-다크(길) | E24: 1/KG | F24: 10 | G24: =VLOOKUP(D24,단가!B:D,3,0) -> 26000 | H24: =F24*G24 -> 260000 | I24: =H24*0.1 -> 26000 | J24: =H24+I24 -> 286000
A25: 01/22 | C25: 길 달맞이점 | D25: 디카페인 더치(길) | E25: 1/L | F25: 2 | G25: =VLOOKUP(D25,단가!B:D,3,0) -> 15000 | H25: =F25*G25 -> 30000 | I25: =H25*0.1 -> 3000 | J25: =H25+I25 -> 33000
A26: 01/22 | C26: 라미랑드 | D26: 블렌딩-다크. | E26: 1/KG | F26: 65 | G26: =VLOOKUP(D26,단가!B:D,3,0) -> 25000 | H26: =F26*G26 -> 1625000 | I26: =H26*0.1 -> 162500 | J26: =H26+I26 -> 1787500
A27: 01/22 | C27: 라미랑드 | D27: 케냐(25도) | E27: 200/G | F27: 5 | G27: =VLOOKUP(D27,단가!B:D,3,0) -> 10500 | H27: =F27*G27 -> 52500 | I27: =H27*0.1 -> 5250 | J27: =H27+I27 -> 57750
A28: 01/22 | C28: 라미랑드 | D28: 코케허니(25도) | E28: 200/G | F28: 5 | G28: =VLOOKUP(D28,단가!B:D,3,0) -> 10500 | H28: =F28*G28 -> 52500 | I28: =H28*0.1 -> 5250 | J28: =H28+I28 -> 57750
A29: 01/22 | C29: 라미랑드 | D29: 예가체프(25도) | E29: 200/G | F29: 5 | G29: =VLOOKUP(D29,단가!B:D,3,0) -> 10500 | H29: =F29*G29 -> 52500 | I29: =H29*0.1 -> 5250 | J29: =H29+I29 -> 57750
A30: 01/22 | C30: 라미랑드 | D30: 모모라(25도) | E30: 200/G | F30: 5 | G30: =VLOOKUP(D30,단가!B:D,3,0) -> 10500 | H30: =F30*G30 -> 52500 | I30: =H30*0.1 -> 5250 | J30: =H30+I30 -> 57750
A31: 01/23 | C31: 메리본 | D31: 블렌딩-다크. | E31: 1/KG | F31: 3 | G31: =VLOOKUP(D31,단가!B:D,3,0) -> 25000 | H31: =F31*G31 -> 75000 | J31: =H31+I31 -> 75000
A32: 01/26 | C32: 라미랑드 | D32: 블렌딩-다크. | E32: 1/KG | F32: 6 | G32: =VLOOKUP(D32,단가!B:D,3,0) -> 25000 | H32: =F32*G32 -> 150000 | I32: =H32*0.1 -> 15000 | J32: =H32+I32 -> 165000
A33: 01/26 | C33: 라미랑드 | D33: 아체가요마운틴(25도) | E33: 200/G | F33: 5 | G33: =VLOOKUP(D33,단가!B:D,3,0) -> 10500 | H33: =F33*G33 -> 52500 | I33: =H33*0.1 -> 5250 | J33: =H33+I33 -> 57750
A34: 01/26 | C34: 라미랑드 | D34: 만델링(25도) | E34: 200/G | F34: 5 | G34: =VLOOKUP(D34,단가!B:D,3,0) -> 10500 | H34: =F34*G34 -> 52500 | I34: =H34*0.1 -> 5250 | J34: =H34+I34 -> 57750
A35: 01/26 | C35: 라미랑드 | D35: 안티구아(25도) | E35: 200/G | F35: 5 | G35: =VLOOKUP(D35,단가!B:D,3,0) -> 10500 | H35: =F35*G35 -> 52500 | I35: =H35*0.1 -> 5250 | J35: =H35+I35 -> 57750
A36: 01/26 | C36: 라미랑드 | D36: 유로(25도) | E36: 200/G | F36: 5 | G36: =VLOOKUP(D36,단가!B:D,3,0) -> 10500 | H36: =F36*G36 -> 52500 | I36: =H36*0.1 -> 5250 | J36: =H36+I36 -> 57750
A37: 01/26 | C37: 라미랑드 | D37: 나리노(25도) | E37: 200/G | F37: 5 | G37: =VLOOKUP(D37,단가!B:D,3,0) -> 10500 | H37: =F37*G37 -> 52500 | I37: =H37*0.1 -> 5250 | J37: =H37+I37 -> 57750
A38: 01/26 | C38: 라미랑드 | D38: 코케허니(25도) | E38: 200/G | F38: 5 | G38: =VLOOKUP(D38,단가!B:D,3,0) -> 10500 | H38: =F38*G38 -> 52500 | I38: =H38*0.1 -> 5250 | J38: =H38+I38 -> 57750
A39: 01/29 | C39: 그랜드타이어 기장지점 | D39: 블렌딩-다크(그랜드타이어) | E39: 1/KG | F39: 2 | G39: =VLOOKUP(D39,단가!B:D,3,0) -> 32000 | H39: =F39*G39 -> 64000 | I39: =H39*0.1 -> 6400 | J39: =H39+I39 -> 70400
A40: 02/02 | C40: 라미랑드 | D40: 케냐(25도) | E40: 200/G | F40: 5 | G40: =VLOOKUP(D40,단가!B:D,3,0) -> 10500 | H40: =F40*G40 -> 52500 | I40: =H40*0.1 -> 5250 | J40: =H40+I40 -> 57750
A41: 02/02 | C41: 라미랑드 | D41: 코케허니(25도) | E41: 200/G | F41: 5 | G41: =VLOOKUP(D41,단가!B:D,3,0) -> 10500 | H41: =F41*G41 -> 52500 | I41: =H41*0.1 -> 5250 | J41: =H41+I41 -> 57750
A42: 02/02 | C42: 라미랑드 | D42: 예가체프(25도) | E42: 200/G | F42: 5 | G42: =VLOOKUP(D42,단가!B:D,3,0) -> 10500 | H42: =F42*G42 -> 52500 | I42: =H42*0.1 -> 5250 | J42: =H42+I42 -> 57750
A43: 02/02 | C43: 라미랑드 | D43: 모모라(25도) | E43: 200/G | F43: 5 | G43: =VLOOKUP(D43,단가!B:D,3,0) -> 10500 | H43: =F43*G43 -> 52500 | I43: =H43*0.1 -> 5250 | J43: =H43+I43 -> 57750
... A53: 02/05 | C53: 라미랑드 | D53: 코케허니(25도) | E53: 200/G | F53: 5 | G53: =VLOOKUP(D53,단가!B:D,3,0) -> 10500 | H53: =F53*G53 -> 52500 | I53: =H53*0.1 -> 5250 | J53: =H53+I53 -> 57750
A54: 02/06 | C54: 메리본 | D54: 블렌딩-다크. | E54: 1/KG | F54: 3 | G54: =VLOOKUP(D54,단가!B:D,3,0) -> 25000 | H54: =F54*G54 -> 75000 | J54: =H54+I54 -> 75000
A55: 02/10 | C55: 라미랑드 | D55: 블렌딩-다크. | E55: 1/KG | F55: 22 | G55: =VLOOKUP(D55,단가!B:D,3,0) -> 25000 | H55: =F55*G55 -> 550000 | I55: =H55*0.1 -> 55000 | J55: =H55+I55 -> 605000
A56: 02/10 | C56: 라미랑드 | D56: 나리노(25도) | E56: 200/G | F56: 5 | G56: =VLOOKUP(D56,단가!B:D,3,0) -> 10500 | H56: =F56*G56 -> 52500 | I56: =H56*0.1 -> 5250 | J56: =H56+I56 -> 57750
A57: 02/10 | C57: 라미랑드 | D57: 케냐(25도) | E57: 200/G | F57: 5 | G57: =VLOOKUP(D57,단가!B:D,3,0) -> 10500 | H57: =F57*G57 -> 52500 | I57: =H57*0.1 -> 5250 | J57: =H57+I57 -> 57750
A58: 02/10 | C58: 라미랑드 | D58: 코케허니(25도) | E58: 200/G | F58: 5 | G58: =VLOOKUP(D58,단가!B:D,3,0) -> 10500 | H58: =F58*G58 -> 52500 | I58: =H58*0.1 -> 5250 | J58: =H58+I58 -> 57750
A59: 02/10 | C59: 라미랑드 | D59: 예가체프(25도) | E59: 200/G | F59: 5 | G59: =VLOOKUP(D59,단가!B:D,3,0) -> 10500 | H59: =F59*G59 -> 52500 | I59: =H59*0.1 -> 5250 | J59: =H59+I59 -> 57750
A60: 02/10 | C60: 라미랑드 | D60: 모모라(25도) | E60: 200/G | F60: 5 | G60: =VLOOKUP(D60,단가!B:D,3,0) -> 10500 | H60: =F60*G60 -> 52500 | I60: =H60*0.1 -> 5250 | J60: =H60+I60 -> 57750
A61: 02/10 | C61: ㈜ 그랜드타이어 양산지점 | D61: 블렌딩-다크(그랜드타이어) | E61: 1/KG | F61: 2 | G61: =VLOOKUP(D61,단가!B:D,3,0) -> 32000 | H61: =F61*G61 -> 64000 | I61: =H61*0.1 -> 6400 | J61: =H61+I61 -> 70400
A62: 02/11 | C62: 팜에이트 | D62: 블렌딩-라이트. | E62: 1/KG | F62: 10 | G62: =VLOOKUP(D62,단가!B:D,3,0) -> 22000 | H62: =F62*G62 -> 220000 | I62: =H62*0.1 -> 22000 | J62: =H62+I62 -> 242000
A63: 02/12 | C63: 라미랑드 | D63: 블렌딩-다크. | E63: 1/KG | F63: 4 | G63: =VLOOKUP(D63,단가!B:D,3,0) -> 25000 | H63: =F63*G63 -> 100000 | I63: =H63*0.1 -> 10000 | J63: =H63+I63 -> 110000
A64: 02/12 | C64: 라미랑드 | D64: 안티구아(25도) | E64: 200/G | F64: 5 | G64: =VLOOKUP(D64,단가!B:D,3,0) -> 10500 | H64: =F64*G64 -> 52500 | I64: =H64*0.1 -> 5250 | J64: =H64+I64 -> 57750
A65: 02/12 | C65: 라미랑드 | D65: 유로(25도) | E65: 200/G | F65: 5 | G65: =VLOOKUP(D65,단가!B:D,3,0) -> 10500 | H65: =F65*G65 -> 52500 | I65: =H65*0.1 -> 5250 | J65: =H65+I65 -> 57750
A66: 02/15 | C66: 카푸치노 | D66: 블렌딩-다크. | E66: 1/KG | F66: 3 | G66: =VLOOKUP(D66,단가!B:D,3,0) -> 25000 | H66: =F66*G66 -> 75000 | I66: =H66*0.1 -> 7500 | J66: 117150
A67: 02/16 | C67: 라미랑드 | D67: 블렌딩-다크. | E67: 1/KG | F67: 4 | G67: =VLOOKUP(D67,단가!B:D,3,0) -> 25000 | H67: =F67*G67 -> 100000 | I67: =H67*0.1 -> 10000 | J67: =H67+I67 -> 110000
A68: 02/16 | C68: 라미랑드 | D68: 코케허니(25도) | E68: 200/G | F68: 5 | G68: =VLOOKUP(D68,단가!B:D,3,0) -> 10500 | H68: =F68*G68 -> 52500 | I68: =H68*0.1 -> 5250 | J68: =H68+I68 -> 57750
A69: 02/16 | C69: 라미랑드 | D69: 예가체프(25도) | E69: 200/G | F69: 5 | G69: =VLOOKUP(D69,단가!B:D,3,0) -> 10500 | H69: =F69*G69 -> 52500 | I69: =H69*0.1 -> 5250 | J69: =H69+I69 -> 57750
A70: 02/16 | C70: 라미랑드 | D70: 모모라(25도) | E70: 200/G | F70: 5 | G70: =VLOOKUP(D70,단가!B:D,3,0) -> 10500 | H70: =F70*G70 -> 52500 | I70: =H70*0.1 -> 5250 | J70: =H70+I70 -> 57750
A71: 02/19 | C71: 라미랑드 | D71: 블렌딩-다크. | E71: 1/KG | F71: 28 | G71: =VLOOKUP(D71,단가!B:D,3,0) -> 25000 | H71: =F71*G71 -> 700000 | I71: 300 | J71: =H71+I71 -> 700300
A72: 02/19 | C72: 라미랑드 | D72: 아체가요마운틴(25도) | E72: 200/G | F72: 5 | G72: =VLOOKUP(D72,단가!B:D,3,0) -> 10500 | H72: =F72*G72 -> 52500 | I72: =H72*0.1 -> 5250 | J72: =H72+I72 -> 57750
A73: 02/19 | C73: 라미랑드 | D73: 만델링(25도) | E73: 200/G | F73: 5 | G73: =VLOOKUP(D73,단가!B:D,3,0) -> 10500 | H73: =F73*G73 -> 52500 | I73: =H73*0.1 -> 5250 | J73: =H73+I73 -> 57750
A74: 02/19 | C74: 라미랑드 | D74: 안티구아(25도) | E74: 200/G | F74: 5 | G74: =VLOOKUP(D74,단가!B:D,3,0) -> 10500 | H74: =F74*G74 -> 52500 | I74: =H74*0.1 -> 5250 | J74: =H74+I74 -> 57750
A75: 02/19 | C75: 라미랑드 | D75: 유로(25도) | E75: 200/G | F75: 5 | G75: =VLOOKUP(D75,단가!B:D,3,0) -> 10500 | H75: =F75*G75 -> 52500 | I75: =H75*0.1 -> 5250 | J75: =H75+I75 -> 57750
A76: 02/19 | C76: 라미랑드 | D76: 케냐(25도) | E76: 200/G | F76: 5 | G76: =VLOOKUP(D76,단가!B:D,3,0) -> 10500 | H76: =F76*G76 -> 52500 | I76: =H76*0.1 -> 5250 | J76: =H76+I76 -> 57750
A77: 02/19 | C77: 라미랑드 | D77: 예가체프(25도) | E77: 200/G | F77: 5 | G77: =VLOOKUP(D77,단가!B:D,3,0) -> 10500 | H77: =F77*G77 -> 52500 | I77: =H77*0.1 -> 5250 | J77: =H77+I77 -> 57750
A78: 02/23 | C78: 메리본 | D78: 블렌딩-다크. | E78: 1/KG | F78: 3 | G78: =VLOOKUP(D78,단가!B:D,3,0) -> 25000 | H78: =F78*G78 -> 75000 | J78: =H78+I78 -> 75000
A79: 02/24 | C79: 티스테이션거제고현점 주식회사 | D79: 블렌딩-다크(그랜드타이어) | E79: 1/KG | F79: 2 | G79: =VLOOKUP(D79,단가!B:D,3,0) -> 32000 | H79: =F79*G79 -> 64000 | I79: =H79*0.1 -> 6400 | J79: =H79+I79 -> 70400
A80: 02/24 | C80: 주식회사 그레이트타이어 서김해지점 | D80: 블렌딩-다크(그랜드타이어) | E80: 1/KG | F80: 2 | G80: =VLOOKUP(D80,단가!B:D,3,0) -> 32000 | H80: =F80*G80 -> 64000 | I80: =H80*0.1 -> 6400 | J80: =H80+I80 -> 70400
A81: 02/24 | C81: 길 연산점 | D81: 블렌딩-다크(길) | E81: 1/KG | F81: 10 | G81: =VLOOKUP(D81,단가!B:D,3,0) -> 26000 | H81: =F81*G81 -> 260000 | I81: =H81*0.1 -> 26000 | J81: =H81+I81 -> 286000
A82: 02/24 | C82: 길 연산점 | D82: 디카페인 더치(길) | E82: 1/L | F82: 1 | G82: =VLOOKUP(D82,단가!B:D,3,0) -> 15000 | H82: =F82*G82 -> 15000 | I82: =H82*0.1 -> 1500 | J82: =H82+I82 -> 16500
A83: 02/25 | C83: 길 광안점 | D83: 블렌딩-다크(길) | E83: 1/KG | F83: 10 | G83: =VLOOKUP(D83,단가!B:D,3,0) -> 26000 | H83: =F83*G83 -> 260000 | I83: =H83*0.1 -> 26000 | J83: =H83+I83 -> 286000
A84: 02/25 | C84: 길 광안점 | D84: 디카페인 더치(길) | E84: 1/L | F84: 2 | G84: =VLOOKUP(D84,단가!B:D,3,0) -> 15000 | H84: =F84*G84 -> 30000 | I84: =H84*0.1 -> 3000 | J84: =H84+I84 -> 33000
A85: 02/25 | C85: 길 광안점 | D85: 다크 더치(길) | E85: 1/L | F85: 1 | G85: =VLOOKUP(D85,단가!B:D,3,0) -> 11500 | H85: =F85*G85 -> 11500 | I85: =H85*0.1 -> 1150 | J85: =H85+I85 -> 12650
A86: 02/25 | C86: 라미랑드 | D86: 블렌딩-다크. | E86: 1/KG | F86: 5 | G86: =VLOOKUP(D86,단가!B:D,3,0) -> 25000 | H86: =F86*G86 -> 125000 | I86: =H86*0.1 -> 12500 | J86: =H86+I86 -> 137500
A87: 02/25 | C87: 라미랑드 | D87: 만델링(25도) | E87: 200/G | F87: 5 | G87: =VLOOKUP(D87,단가!B:D,3,0) -> 10500 | H87: =F87*G87 -> 52500 | I87: =H87*0.1 -> 5250 | J87: =H87+I87 -> 57750
A88: 02/25 | C88: 라미랑드 | D88: 안티구아(25도) | E88: 200/G | F88: 5 | G88: =VLOOKUP(D88,단가!B:D,3,0) -> 10500 | H88: =F88*G88 -> 52500 | I88: =H88*0.1 -> 5250 | J88: =H88+I88 -> 57750
A89: 02/25 | C89: 라미랑드 | D89: 나리노(25도) | E89: 200/G | F89: 5 | G89: =VLOOKUP(D89,단가!B:D,3,0) -> 10500 | H89: =F89*G89 -> 52500 | I89: =H89*0.1 -> 5250 | J89: =H89+I89 -> 57750
A90: 02/25 | C90: 라미랑드 | D90: 코케허니(25도) | E90: 200/G | F90: 5 | G90: =VLOOKUP(D90,단가!B:D,3,0) -> 10500 | H90: =F90*G90 -> 52500 | I90: =H90*0.1 -> 5250 | J90: =H90+I90 -> 57750
... A92: 02/25 | C92: 라미랑드 | D92: 모모라(25도) | E92: 200/G | F92: 5 | G92: =VLOOKUP(D92,단가!B:D,3,0) -> 10500 | H92: =F92*G92 -> 52500 | I92: =H92*0.1 -> 5250 | J92: =H92+I92 -> 57750
A93: 02/25 | C93: 그랜드타이어-거제지점 | D93: 머신 렌탈료 | F93: 1 | G93: =VLOOKUP(D93,단가!B:D,3,0) -> 30000 | H93: =F93*G93 -> 30000 | I93: =H93*0.1 -> 3000 | J93: =H93+I93 -> 33000
A94: 02/25 | C94: 자이언트타이어 북부산점 | D94: 머신 렌탈료 | F94: 1 | G94: =VLOOKUP(D94,단가!B:D,3,0) -> 30000 | H94: =F94*G94 -> 30000 | I94: =H94*0.1 -> 3000 | J94: =H94+I94 -> 33000
A95: 02/25 | C95: ㈜그랜드타이어 | D95: 머신 렌탈료 | F95: 1 | G95: =VLOOKUP(D95,단가!B:D,3,0) -> 30000 | H95: =F95*G95 -> 30000 | I95: =H95*0.1 -> 3000 | J95: =H95+I95 -> 33000
A96: 02/25 | C96: ㈜그레이트타이어 창원지점 | D96: 머신 렌탈료 | F96: 1 | G96: =VLOOKUP(D96,단가!B:D,3,0) -> 30000 | H96: =F96*G96 -> 30000 | I96: =H96*0.1 -> 3000 | J96: =H96+I96 -> 33000
A97: 02/25 | C97: 그랜드타이어 부산시청점 | D97: 머신 렌탈료 | F97: 1 | G97: =VLOOKUP(D97,단가!B:D,3,0) -> 30000 | H97: =F97*G97 -> 30000 | I97: =H97*0.1 -> 3000 | J97: =H97+I97 -> 33000
A98: 02/25 | C98: 그랜드타이어 서면지점 | D98: 머신 렌탈료 | F98: 1 | G98: =VLOOKUP(D98,단가!B:D,3,0) -> 30000 | H98: =F98*G98 -> 30000 | I98: =H98*0.1 -> 3000 | J98: =H98+I98 -> 33000
A99: 02/25 | C99: 그랜드타이어 강변지점 | D99: 머신 렌탈료 | F99: 1 | G99: =VLOOKUP(D99,단가!B:D,3,0) -> 30000 | H99: =F99*G99 -> 30000 | I99: =H99*0.1 -> 3000 | J99: =H99+I99 -> 33000
A100: 02/25 | C100: 그랜드타이어 연지점 | D100: 머신 렌탈료 | F100: 1 | G100: =VLOOKUP(D100,단가!B:D,3,0) -> 30000 | H100: =F100*G100 -> 30000 | I100: =H100*0.1 -> 3000 | J100: =H100+I100 -> 33000
A101: 02/25 | C101: 그레이트타이어 서김해지점 | D101: 머신 렌탈료 | F101: 1 | G101: =VLOOKUP(D101,단가!B:D,3,0) -> 30000 | H101: =F101*G101 -> 30000 | I101: =H101*0.1 -> 3000 | J101: =H101+I101 -> 33000
A102: 02/25 | C102: 그랜드타이어 양산지점 | D102: 머신 렌탈료 | F102: 1 | G102: =VLOOKUP(D102,단가!B:D,3,0) -> 30000 | H102: =F102*G102 -> 30000 | I102: =H102*0.1 -> 3000 | J102: =H102+I102 -> 33000
A103: 02/25 | C103: 그랜드타이어 정관지점 | D103: 머신 렌탈료 | F103: 1 | G103: =VLOOKUP(D103,단가!B:D,3,0) -> 30000 | H103: =F103*G103 -> 30000 | I103: =H103*0.1 -> 3000 | J103: =H103+I103 -> 33000
A104: 02/25 | C104: 그랜드타이어 기장지점 | D104: 머신 렌탈료 | F104: 1 | G104: =VLOOKUP(D104,단가!B:D,3,0) -> 30000 | H104: =F104*G104 -> 30000 | I104: =H104*0.1 -> 3000 | J104: =H104+I104 -> 33000
A105: 02/26 | C105: 티스테이션 거제 고현점 | D105: 블렌딩-다크. | E105: 1/KG | F105: 14 | G105: 3500 | H105: =F105*G105 -> 49000 | I105: =H105*0.1 -> 4900 | J105: =H105+I105 -> 53900
A106: 03/02 | C106: 라미랑드 | D106: 유로(25도) | E106: 200/G | F106: 5 | G106: =VLOOKUP(D106,단가!B:D,3,0) -> 10500 | H106: =F106*G106 -> 52500 | I106: =H106*0.1 -> 5250 | J106: =H106+I106 -> 57750
A107: 03/02 | C107: 라미랑드 | D107: 케냐(25도) | E107: 200/G | F107: 5 | G107: =VLOOKUP(D107,단가!B:D,3,0) -> 10500 | H107: =F107*G107 -> 52500 | I107: =H107*0.1 -> 5250 | J107: =H107+I107 -> 57750
A108: 03/02 | C108: 라미랑드 | D108: 코케허니(25도) | E108: 200/G | F108: 5 | G108: =VLOOKUP(D108,단가!B:D,3,0) -> 10500 | H108: =F108*G108 -> 52500 | I108: =H108*0.1 -> 5250 | J108: =H108+I108 -> 57750
A109: 03/02 | C109: 라미랑드 | D109: 예가체프(25도) | E109: 200/G | F109: 5 | G109: =VLOOKUP(D109,단가!B:D,3,0) -> 10500 | H109: =F109*G109 -> 52500 | I109: =H109*0.1 -> 5250 | J109: =H109+I109 -> 57750
A110: 03/02 | C110: 라미랑드 | D110: 모모라(25도) | E110: 200/G | F110: 5 | G110: =VLOOKUP(D110,단가!B:D,3,0) -> 10500 | H110: =F110*G110 -> 52500 | I110: =H110*0.1 -> 5250 | J110: =H110+I110 -> 57750
A111: 03/04 | C111: 그랜드타이어 거제지점 | D111: 블렌딩-다크(그랜드타이어) | E111: 1/KG | F111: 3 | G111: =VLOOKUP(D111,단가!B:D,3,0) -> 32000 | H111: =F111*G111 -> 96000 | I111: =H111*0.1 -> 9600 | J111: =H111+I111 -> 105600
A112: 03/05 | C112: 라미랑드 | D112: 블렌딩-다크. | E112: 1/KG | F112: 5 | G112: =VLOOKUP(D112,단가!B:D,3,0) -> 25000 | H112: =F112*G112 -> 125000 | I112: =H112*0.1 -> 12500 | J112: =H112+I112 -> 137500
A113: 03/05 | C113: 라미랑드 | D113: 아체가요마운틴(25도) | E113: 200/G | F113: 5 | G113: =VLOOKUP(D113,단가!B:D,3,0) -> 10500 | H113: =F113*G113 -> 52500 | I113: =H113*0.1 -> 5250 | J113: =H113+I113 -> 57750
A114: 03/05 | C114: 라미랑드 | D114: 만델링(25도) | E114: 200/G | F114: 5 | G114: =VLOOKUP(D114,단가!B:D,3,0) -> 10500 | H114: =F114*G114 -> 52500 | I114: =H114*0.1 -> 5250 | J114: =H114+I114 -> 57750
A115: 03/05 | C115: 라미랑드 | D115: 안티구아(25도) | E115: 200/G | F115: 5 | G115: =VLOOKUP(D115,단가!B:D,3,0) -> 10500 | H115: =F115*G115 -> 52500 | I115: =H115*0.1 -> 5250 | J115: =H115+I115 -> 57750
A116: 03/05 | C116: 라미랑드 | D116: 나리노(25도) | E116: 200/G | F116: 5 | G116: =VLOOKUP(D116,단가!B:D,3,0) -> 10500 | H116: =F116*G116 -> 52500 | I116: =H116*0.1 -> 5250 | J116: =H116+I116 -> 57750
...

Sheet 단가
A1: NO | B1: 품목 | C1: 규격/단위 | D1: 단가 | E1: 공급가액 | F1: 세액 | G1: 합계
A2: 1 | B2: 블렌딩-다크 | C2: 1/KG | D2: 20000 | E2: =D2 -> 20000 | F2: =E2*10% -> 2000 | G2: =SUM(E2:F2) -> 22000
A3: 2 | B3: 블렌딩-다크. | C3: 1/KG | D3: 25000 | E3: =D3 -> 25000 | F3: =E3*10% -> 2500 | G3: =SUM(E3:F3) -> 27500
A4: 3 | B4: 블렌딩-다크(그랜드타이어) | C4: 1/KG | D4: 32000 | E4: =D4 -> 32000 | F4: =E4*10% -> 3200 | G4: =SUM(E4:F4) -> 35200
A5: 4 | B5: 블렌딩-라이트. | C5: 1/KG | D5: 22000 | E5: =D5 -> 22000 | F5: =E5*10% -> 2200 | G5: =SUM(E5:F5) -> 24200
A6: 5 | B6: 블렌딩-라이트 | C6: 1/KG | D6: 20000 | E6: =D6 -> 20000 | F6: =E6*10% -> 2000 | G6: =SUM(E6:F6) -> 22000
A7: 6 | B7: 디카페인. | C7: 200/G | D7: 20000 | E7: =D7 -> 20000 | F7: =E7*10% -> 2000 | G7: =SUM(E7:F7) -> 22000
A8: 7 | B8: 디카페인(납품). | C8: 200/G | D8: 14000 | E8: =D8 -> 14000 | F8: =E8*10% -> 1400 | G8: =SUM(E8:F8) -> 15400
A9: 8 | B9: 디카페인(납품) | C9: 200/G | D9: 10500 | E9: =D9 -> 10500 | F9: =E9*10% -> 1050 | G9: =SUM(E9:F9) -> 11550
A10: 9 | B10: 디카페인(25도) | C10: 200/G | D10: 10500 | E10: =D10 -> 10500 | F10: =E10*10% -> 1050 | G10: =SUM(E10:F10) -> 11550
A11: 10 | B11: 디카페인 | C11: 200/G | D11: 15000 | E11: =D11 -> 15000 | F11: =E11*10% -> 1500 | G11: =SUM(E11:F11) -> 16500
A12: 11 | B12: 블렌딩-길 시그니처 | C12: 1/KG | D12: 19000 | E12: =D12 -> 19000 | F12: =E12*10% -> 1900 | G12: =SUM(E12:F12) -> 20900
A13: 12 | B13: 예가체프(25도) | C13: 200/G | D13: 10500 | E13: =D13 -> 10500 | F13: =E13*10% -> 1050 | G13: =SUM(E13:F13) -> 11550
... A32: 31 | B32: 말라위AAA | C32: 200/G | D32: 15000 | E32: =D32 -> 15000 | F32: =E32*10% -> 1500 | G32: =SUM(E32:F32) -> 16500
A33: 32 | B33: 마타리(25도) | C33: 200/G
A34: 33 | B34: 마타리 | C34: 200/G | E34: =D34 -> 0 | F34: =E34*10% -> 0 | G34: =SUM(E34:F34) -> 0
A35: 34 | B35: 따라주(25도) | C35: 200/G | D35: 10500 | E35: 10500 | F35: 1050 | G35: 11550
A36: 35 | B36: 따라주 | C36: 200/G | D36: 15000 | E36: =D36 -> 15000 | F36: =E36*10% -> 1500 | G36: =SUM(E36:F36) -> 16500
A37: 36 | B37: 아리차(25도) | C37: 200/G | D37: 10500 | E37: =D37 -> 10500 | F37: =E37*10% -> 1050 | G37: =SUM(E37:F37) -> 11550
A38: 37 | B38: 아리차 | C38: 200/G | D38: 15000 | E38: =D38 -> 15000 | F38: =E38*10% -> 1500 | G38: =SUM(E38:F38) -> 16500
A39: 38 | B39: 더치-디카페인(25도) | C39: 500/ML | D39: 10500 | E39: =D39 -> 10500 | F39: =E39*10% -> 1050 | G39: =SUM(E39:F39) -> 11550
A40: 39 | B40: 더치-디카페인 | C40: 500/ML | D40: 15000 | E40: =D40 -> 15000 | F40: =E40*10% -> 1500 | G40: =SUM(E40:F40) -> 16500
A41: 40 | B41: 더치-디카페인(카푸치노) | C41: 500/ML | D41: 10500 | E41: =D41 -> 10500 | F41: =E41*10% -> 1050 | G41: =SUM(E41:F41) -> 11550
A42: 41 | B42: 더치-디카페인. | C42: 500/ML | D42: 20000 | E42: =D42 -> 20000 | F42: =E42*10% -> 2000 | G42: =SUM(E42:F42) -> 22000
A43: 42 | B43: 더치-디카페인(납품). | C43: 500/ML | D43: 14000 | E43: =D43 -> 14000 | F43: =E43*10% -> 1400 | G43: =SUM(E43:F43) -> 15400
A44: 43 | B44: 더치-디카페인(납품) | C44: 500/ML | D44: 10500 | E44: =D44 -> 10500 | F44: =E44*10% -> 1050 | G44: =SUM(E44:F44) -> 11550
A45: 44 | B45: 더치-디카페인(해리단) | C45: 500/ML | D45: 10500 | E45: =D45 -> 10500 | F45: =E45*10% -> 1050 | G45: =SUM(E45:F45) -> 11550
A46: 45 | B46: 더치-다크(25도) | C46: 500/ML | D46: 10500 | E46: =D46 -> 10500 | F46: =E46*10% -> 1050 | G46: =SUM(E46:F46) -> 11550
A47: 46 | B47: 더치-다크 | C47: 500/ML | D47: 15000 | E47: =D47 -> 15000 | F47: =E47*10% -> 1500 | G47: =SUM(E47:F47) -> 16500
... A84: 83 | B84: 더치-길 다크 | C84: 1/L | D84: 6000 | E84: =D84 -> 6000 | F84: =E84*10% -> 600 | G84: =SUM(E84:F84) -> 6600
A85: 84 | B85: 더치-길 디카페인 | C85: 1/L | D85: 8000 | E85: =D85 -> 8000 | F85: =E85*10% -> 800 | G85: =SUM(E85:F85) -> 8800 | H85: 11월 기준: ㈜그랜드타이어, 그랜드타이어 거제지점
A86: 85 | B86: 택배비 | D86: 3000 | E86: =D86 -> 3000 | G86: =SUM(E86:F86) -> 3000
A87: 86 | B87: 케냐(100g) | C87: 100/g | D87: 7500 | E87: =D87 -> 7500 | F87: =E87*10% -> 750 | G87: =SUM(E87:F87) -> 8250
A88: 87 | B88: 유로(100g) | C88: 100/g | D88: 7500 | E88: =D88 -> 7500 | F88: =E88*10% -> 750 | G88: =SUM(E88:F88) -> 8250
A89: 88 | B89: 블랜딩-다크(납품) | C89: 1/KG | D89: 25000 | E89: =D89 -> 25000 | F89: =E89*10% -> 2500 | G89: =SUM(E89:F89) -> 27500
A90: 89 | B90: 블랜딩-다크(샘플) | C90: 1/KG | D90: 0 | E90: =D90 -> 0 | F90: =E90*10% -> 0 | G90: =SUM(E90:F90) -> 0
A91: 90 | B91: 블랜딩-라이트(샘플) | C91: 1/KG | D91: 0 | E91: =D91 -> 0 | F91: =E91*10% -> 0 | G91: =SUM(E91:F91) -> 0
A92: 91 | B92: 머신 렌탈료 | D92: 30000 | E92: =D92 -> 30000 | F92: =E92*10% -> 3000 | G92: =SUM(E92:F92) -> 33000
A93: 92 | B93: 디카페인(납품). | C93: 200/G | D93: 14000 | E93: =D93 -> 14000 | F93: =E93*10% -> 1400 | G93: =SUM(E93:F93) -> 15400
A94: 93 | B94: 디카페인. | C94: 200/G | D94: 20000 | E94: =D94 -> 20000 | F94: =E94*10% -> 2000 | G94: =SUM(E94:F94) -> 22000
A95: 94 | B95: 블렌딩-다크(길) | C95: 1/KG | D95: 26000 | E95: =D95 -> 26000 | F95: =E95*10% -> 2600 | G95: =SUM(E95:F95) -> 28600
A96: 95 | B96: 다크 더치(길) | C96: 1/L | D96: 11500 | E96: =D96 -> 11500 | F96: =E96*10% -> 1150 | G96: =SUM(E96:F96) -> 12650
A97: 95 | B97: 디카페인 더치(길) | C97: 1/L | D97: 15000 | E97: =D97 -> 15000 | F97: =E97*10% -> 1500 | G97: =SUM(E97:F97) -> 16500

Sheet 개인주문현황
A1: 납품일 | B1: 횟수 | C1: 거래처명 | D1: 납품 품목 | E1: 규격/단위 | F1: 수량 | G1: 단가 | H1: 공급가액 | I1: 세액 | J1: 계 | K1: 총액
A2: 04/04 | C2: 정영숙 | D2: 코케허니 | E2: 200/G | F2: 1 | G2: =VLOOKUP(D2,단가!B:D,3,0) -> 15000 | H2: =F2*G2 -> 15000 | J2: =H2+I2 -> 15000
A3: 04/04 | C3: 정영숙 | D3: 예가체프 | E3: 200/G | F3: 1 | G3: =VLOOKUP(D3,단가!B:D,3,0) -> 15000 | H3: =F3*G3 -> 15000 | J3: =H3+I3 -> 15000
A4: 04/04 | C4: 박현숙 | D4: 만델링 | E4: 200/G | F4: 1 | G4: =VLOOKUP(D4,단가!B:D,3,0) -> 15000 | H4: =F4*G4 -> 15000 | J4: =H4+I4 -> 15000
A5: 04/04 | C5: 박현숙 | D5: 유로 | E5: 200/G | F5: 1 | G5: =VLOOKUP(D5,단가!B:D,3,0) -> 15000 | H5: =F5*G5 -> 15000 | J5: =H5+I5 -> 15000
A6: 04/07 | C6: 정미혜(어머니) | D6: 예가체프(25도) | E6: 200/G | F6: 15 | G6: =VLOOKUP(D6,단가!B:D,3,0) -> 10500 | H6: =F6*G6 -> 157500 | J6: =H6+I6 -> 157500
A7: 04/07 | C7: 정미혜(어머니) | D7: 케냐(25도) | E7: 200/G | F7: 2 | G7: =VLOOKUP(D7,단가!B:D,3,0) -> 10500 | H7: =F7*G7 -> 21000 | J7: =H7+I7 -> 21000
A8: 04/11 | C8: 류기순 | D8: 블렌딩-다크 | E8: 1/KG | F8: 2 | G8: =VLOOKUP(D8,단가!B:D,3,0) -> 20000 | H8: =F8*G8 -> 40000 | J8: =H8+I8 -> 40000
A9: 04/11 | C9: 이상훈 | D9: 코케허니 | E9: 200/G | F9: 1 | G9: =VLOOKUP(D9,단가!B:D,3,0) -> 15000 | H9: =F9*G9 -> 15000 | J9: =H9+I9 -> 15000
A10: 04/11 | C10: 이상훈 | D10: 케냐(100g) | E10: 100/G | F10: 1 | G10: =VLOOKUP(D10,단가!B:D,3,0) -> 7500 | H10: =F10*G10 -> 7500 | J10: =H10+I10 -> 7500
A11: 04/11 | C11: 이상훈 | D11: 유로(100g) | E11: 100/G | F11: 1 | G11: =VLOOKUP(D11,단가!B:D,3,0) -> 7500 | H11: =F11*G11 -> 7500 | J11: =H11+I11 -> 7500
A12: 04/18 | C12: 이용수 | D12: 코케허니 | E12: 250/G | F12: 2 | G12: 12500 | H12: =F12*G12 -> 25000 | J12: =H12+I12 -> 25000
A13: 04/18 | C13: 이용수 | D13: 모모라 | E13: 250/G | F13: 2 | G13: 12500 | H13: =F13*G13 -> 25000 | J13: =H13+I13 -> 25000
A14: 04/18 | C14: 이용수 | D14: 안티구아 | E14: 250/G | F14: 2 | G14: 10000 | H14: =F14*G14 -> 20000 | J14: =H14+I14 -> 20000
A15: 04/18 | C15: 이용수 | D15: 케냐 | E15: 250/G | F15: 2 | G15: 12500 | H15: =F15*G15 -> 25000 | J15: =H15+I15 -> 25000
A16: 04/22 | C16: 정선영(사촌) | D16: 더치-케냐 | E16: 500/ML | F16: 1 | G16: =VLOOKUP(D16,단가!B:D,3,0) -> 16000 | H16: =F16*G16 -> 16000 | J16: =H16+I16 -> 16000
A17: 04/22 | C17: 정선영(사촌) | D17: 더치-모모라 | E17: 500/ML | F17: 3 | G17: =VLOOKUP(D17,단가!B:D,3,0) -> 16000 | H17: =F17*G17 -> 48000 | J17: =H17+I17 -> 48000
A18: 04/22 | C18: 정선영(사촌) | D18: 더치-예가체프 | E18: 500/ML | F18: 3 | G18: =VLOOKUP(D18,단가!B:D,3,0) -> 15000 | H18: =F18*G18 -> 45000 | J18: =H18+I18 -> 45000
A19: 04/22 | C19: 정선영(사촌) | D19: 더치-나리노 | E19: 500/ML | F19: 1 | G19: =VLOOKUP(D19,단가!B:D,3,0) -> 16000 | H19: =F19*G19 -> 16000 | J19: =H19+I19 -> 16000
A20: 04/23 | C20: 정영숙 | D20: 코케허니 | E20: 200/G | F20: 1 | G20: =VLOOKUP(D20,단가!B:D,3,0) -> 15000 | H20: =F20*G20 -> 15000 | J20: =H20+I20 -> 15000
A21: 04/23 | C21: 정영숙 | D21: 예가체프 | E21: 200/G | F21: 1 | G21: =VLOOKUP(D21,단가!B:D,3,0) -> 15000 | H21: =F21*G21 -> 15000 | J21: =H21+I21 -> 15000
A22: 04/23 | C22: 김혜원 | D22: 더치세트 | E22: 1/SET | F22: 1 | G22: =VLOOKUP(D22,단가!B:D,3,0) -> 30000 | H22: =F22*G22 -> 30000 | J22: =H22+I22 -> 30000
A23: 04/23 | C23: 정미혜(어머니) | D23: 더치미니세트(지인) | E23: 1/SET | F23: 3 | G23: =VLOOKUP(D23,단가!B:D,3,0) -> 29400 | H23: =F23*G23 -> 88200 | J23: =H23+I23 -> 88200
A24: 04/25 | C24: 최이사님 | D24: 블랜딩-다크(샘플) | E24: 1/KG | F24: 1 | G24: =VLOOKUP(D24,단가!B:D,3,0) -> 0 | H24: =F24*G24 -> 0 | J24: =H24+I24 -> 0
A25: 04/25 | C25: 최이사님 | D25: 더치-안티구아 | E25: 500/ML | F25: 1 | G25: =VLOOKUP(D25,단가!B:D,3,0) -> 15000 | H25: =F25*G25 -> 15000 | J25: =H25+I25 -> 15000
A26: 04/25 | C26: 최이사님 | D26: 더치-케냐 | E26: 500/ML | F26: 1 | G26: =VLOOKUP(D26,단가!B:D,3,0) -> 16000 | H26: =F26*G26 -> 16000 | J26: =H26+I26 -> 16000
A27: 04/26 | C27: 이창식 | D27: 더치-나리노 | E27: 500/ML | F27: 1 | G27: =VLOOKUP(D27,단가!B:D,3,0) -> 16000 | H27: =F27*G27 -> 16000 | J27: =H27+I27 -> 16000
... A29: 04/30 | C29: 강정인 | D29: 더치미니세트 | E29: 1/SET | F29: 1 | G29: =VLOOKUP(D29,단가!B:D,3,0) -> 42000 | H29: =F29*G29 -> 42000 | J29: =H29+I29 -> 42000
A30: 04/30 | C30: 정승현 | D30: 블랜딩-다크(샘플) | E30: 1/KG | F30: 2 | G30: =VLOOKUP(D30,단가!B:D,3,0) -> 0 | H30: =F30*G30 -> 0 | I30: =H30*0.1 -> 0 | J30: =H30+I30 -> 0
A31: 04/30 | C31: 정승현 | D31: 블랜딩-라이트(샘플) | E31: 1/KG | F31: 2 | G31: =VLOOKUP(D31,단가!B:D,3,0) -> 0 | H31: =F31*G31 -> 0 | I31: =H31*0.1 -> 0 | J31: =H31+I31 -> 0
A32: 05/06 | C32: 정미혜(어머니) | D32: 더치미니세트(지인) | E32: 1/SET | F32: 4 | G32: =VLOOKUP(D32,단가!B:D,3,0) -> 29400 | H32: =F32*G32 -> 117600 | J32: =H32+I32 -> 117600
A33: 05/09 | C33: 박현숙 | D33: 유로 | E33: 200/G | F33: 1 | G33: =VLOOKUP(D33,단가!B:D,3,0) -> 15000 | H33: =F33*G33 -> 15000 | J33: =H33+I33 -> 15000
A34: 05/09 | C34: 박현숙 | D34: 만델링 | E34: 200/G | F34: 1 | G34: =VLOOKUP(D34,단가!B:D,3,0) -> 15000 | H34: =F34*G34 -> 15000 | J34: =H34+I34 -> 15000
A35: 05/09 | C35: 정영숙 | D35: 코케허니 | E35: 200/G | F35: 1 | G35: =VLOOKUP(D35,단가!B:D,3,0) -> 15000 | H35: =F35*G35 -> 15000 | J35: =H35+I35 -> 15000
A36: 05/09 | C36: 정영숙 | D36: 더치-아체가요마운틴 | E36: 500/ML | F36: 1 | G36: =VLOOKUP(D36,단가!B:D,3,0) -> 15000 | H36: =F36*G36 -> 15000 | J36: =H36+I36 -> 15000
A37: 05/09 | C37: 정영숙 | D37: 더치-코케허니 | E37: 500/ML | F37: 2 | G37: =VLOOKUP(D37,단가!B:D,3,0) -> 16000 | H37: =F37*G37 -> 32000 | J37: =H37+I37 -> 32000
A38: 05/09 | C38: 정영숙 | D38: 예가체프 | E38: 200/G | F38: 1 | G38: =VLOOKUP(D38,단가!B:D,3,0) -> 15000 | H38: =F38*G38 -> 15000 | J38: =H38+I38 -> 15000
A39: 05/09 | C39: 정영숙 | D39: 코케허니 | E39: 200/G | F39: 1 | G39: =VLOOKUP(D39,단가!B:D,3,0) -> 15000 | H39: =F39*G39 -> 15000 | J39: =H39+I39 -> 15000
A40: 05/09 | C40: 박영자 | D40: 더치미니세트 | E40: 1/SET | F40: 4 | G40: =VLOOKUP(D40,단가!B:D,3,0) -> 42000 | H40: =F40*G40 -> 168000 | J40: =H40+I40 -> 168000
A41: 05/09 | C41: 김효정 | D41: 더치세트 | E41: 1/SET | F41: 1 | G41: =VLOOKUP(D41,단가!B:D,3,0) -> 30000 | H41: =F41*G41 -> 30000 | J41: =H41+I41 -> 30000
A42: 05/09 | C42: 최재경 | D42: 더치세트 | E42: 1/SET | F42: 1 | G42: =VLOOKUP(D42,단가!B:D,3,0) -> 30000 | H42: =F42*G42 -> 30000 | J42: =H42+I42 -> 30000
A43: 05/10 | C43: 최유나 | D43: 블랜딩-다크(납품) | E43: 1/KG | F43: 1 | G43: =VLOOKUP(D43,단가!B:D,3,0) -> 25000 | H43: =F43*G43 -> 25000 | J43: =H43+I43 -> 25000
... A51: 05/16 | C51: 정숙희 | D51: 유로 | E51: 200/G | F51: 3 | G51: =VLOOKUP(D51,단가!B:D,3,0) -> 15000 | H51: =F51*G51 -> 45000 | J51: =H51+I51 -> 45000
A52: 05/29 | C52: 노영애 | D52: 예가체프 | E52: 200/G | F52: 3 | G52: 10000 | H52: =F52*G52 -> 30000 | J52: =H52+I52 -> 30000
A53: 05/29 | C53: 노영애 | D53: 코케허니 | E53: 200/G | F53: 1 | G53: =VLOOKUP(D53,단가!B:D,3,0) -> 15000 | H53: =F53*G53 -> 15000 | J53: =H53+I53 -> 15000
A54: 05/29 | C54: 노영애 | D54: 케냐 | E54: 200/G | F54: 1 | G54: =VLOOKUP(D54,단가!B:D,3,0) -> 15000 | H54: =F54*G54 -> 15000 | J54: =H54+I54 -> 15000
A55: 06/03 | C55: 정영숙 | D55: 예가체프 | E55: 200/G | F55: 1 | G55: =VLOOKUP(D55,단가!B:D,3,0) -> 15000 | H55: =F55*G55 -> 15000 | J55: =H55+I55 -> 15000
A56: 06/03 | C56: 정영숙 | D56: 택배비 | G56: =VLOOKUP(D56,단가!B:D,3,0) -> 3000 | H56: =F56*G56 -> 0 | J56: 3000
A57: 06/04 | C57: 정영숙 | D57: 모모라 | E57: 200/G | F57: 1 | G57: =VLOOKUP(D57,단가!B:D,3,0) -> 15000 | H57: =F57*G57 -> 15000 | J57: =H57+I57 -> 15000
A58: 06/04 | C58: 정영숙 | D58: 케냐 | E58: 100/G | F58: 1 | G58: 7500 | H58: =F58*G58 -> 7500 | J58: =H58+I58 -> 7500
A59: 06/04 | C59: 정영숙 | D59: 나리노 | E59: 100/G | F59: 1 | G59: 7500 | H59: =F59*G59 -> 7500 | J59: =H59+I59 -> 7500
A60: 06/04 | C60: 이소현 | D60: 더치세트 | E60: 1/SET | F60: 1 | G60: =VLOOKUP(D60,단가!B:D,3,0) -> 30000 | H60: =F60*G60 -> 30000 | J60: =H60+I60 -> 30000
A61: 06/05 | C61: 김외경 | D61: 유로 | E61: 200/G | F61: 1 | G61: =VLOOKUP(D61,단가!B:D,3,0) -> 15000 | H61: =F61*G61 -> 15000 | J61: =H61+I61 -> 15000
A62: 06/05 | C62: 김외경 | D62: 안티구아 | E62: 200/G | F62: 1 | G62: =VLOOKUP(D62,단가!B:D,3,0) -> 15000 | H62: =F62*G62 -> 15000 | J62: =H62+I62 -> 15000
A63: 06/05 | C63: 김외경 | D63: 더치-케냐 | E63: 500/ML | F63: 1 | G63: =VLOOKUP(D63,단가!B:D,3,0) -> 16000 | H63: =F63*G63 -> 16000 | J63: =H63+I63 -> 16000
A64: 06/05 | C64: 김외경 | D64: 더치-코케허니 | E64: 500/ML | F64: 1 | G64: =VLOOKUP(D64,단가!B:D,3,0) -> 16000 | H64: =F64*G64 -> 16000 | J64: =H64+I64 -> 16000
A65: 06/10 | C65: 차여진 | D65: 블랜딩-다크(납품) | E65: 1/KG | F65: 1 | G65: =VLOOKUP(D65,단가!B:D,3,0) -> 25000 | H65: =F65*G65 -> 25000 | J65: =H65+I65 -> 25000
A66: 06/10 | C66: 차여진 | D66: 택배비 | G66: =VLOOKUP(D66,단가!B:D,3,0) -> 3000 | H66: =F66*G66 -> 0 | J66: 3000
A67: 06/14 | C67: 정미혜(어머니) | D67: 더치미니세트(지인) | E67: 1/SET | F67: 1 | G67: =VLOOKUP(D67,단가!B:D,3,0) -> 29400 | H67: =F67*G67 -> 29400 | J67: =H67+I67 -> 29400
A68: 06/14 | C68: 정미혜(어머니) | D68: 더치-모모라(25도) | E68: 500/ML | F68: 1 | G68: =VLOOKUP(D68,단가!B:D,3,0) -> 10500 | H68: =F68*G68 -> 10500 | J68: =H68+I68 -> 10500
A69: 06/14 | C69: 정미혜(어머니) | D69: 더치-아체가요마운틴(25도) | E69: 500/ML | F69: 1 | G69: =VLOOKUP(D69,단가!B:D,3,0) -> 10500 | H69: =F69*G69 -> 10500 | J69: =H69+I69 -> 10500
A70: 06/15 | C70: 유정민 | D70: 케냐 | E70: 200/G | F70: 1 | G70: =VLOOKUP(D70,단가!B:D,3,0) -> 15000 | H70: =F70*G70 -> 15000 | J70: =H70+I70 -> 15000
A71: 06/15 | C71: 유정민 | D71: 코케허니 | E71: 200/G | F71: 1 | G71: =VLOOKUP(D71,단가!B:D,3,0) -> 15000 | H71: =F71*G71 -> 15000 | J71: =H71+I71 -> 15000
A72: 06/15 | C72: 유정민 | D72: 유로 | E72: 200/G | F72: 1 | G72: =VLOOKUP(D72,단가!B:D,3,0) -> 15000 | H72: =F72*G72 -> 15000 | J72: =H72+I72 -> 15000
A73: 06/15 | C73: 김정심 | D73: 케냐 | E73: 200/G | F73: 2 | G73: =VLOOKUP(D73,단가!B:D,3,0) -> 15000 | H73: =F73*G73 -> 30000 | J73: =H73+I73 -> 30000
A74: 06/17 | C74: 류기순 | D74: 블렌딩-다크 | E74: 1/KG | F74: 2 | G74: =VLOOKUP(D74,단가!B:D,3,0) -> 20000 | H74: =F74*G74 -> 40000 | J74: =H74+I74 -> 40000
A75: 06/17 | C75: 류기순 | D75: 예가체프(25도) | E75: 200/G | F75: 1 | G75: =VLOOKUP(D75,단가!B:D,3,0) -> 10500 | H75: =F75*G75 -> 10500 | J75: =H75+I75 -> 10500
A76: 06/17 | C76: 류기순 | D76: 코케허니(25도) | E76: 200/G | F76: 1 | G76: =VLOOKUP(D76,단가!B:D,3,0) -> 10500 | H76: =F76*G76 -> 10500 | J76: =H76+I76 -> 10500
A77: 06/18 | C77: 성일학 | D77: 더치미니세트 | E77: 1/SET | F77: 1 | G77: 30000 | H77: =F77*G77 -> 30000 | J77: =H77+I77 -> 30000
A78: 06/20 | C78: 정영숙 | D78: 케냐 | E78: 200/G | F78: 1 | G78: =VLOOKUP(D78,단가!B:D,3,0) -> 15000 | H78: =F78*G78 -> 15000 | J78: =H78+I78 -> 15000
A79: 06/20 | C79: 정영숙 | D79: 코케허니 | E79: 200/G | F79: 2 | G79: =VLOOKUP(D79,단가!B:D,3,0) -> 15000 | H79: =F79*G79 -> 30000 | J79: =H79+I79 -> 30000
A80: 06/20 | C80: 정영숙 | D80: 택배비 | F80: 2 | G80: =VLOOKUP(D80,단가!B:D,3,0) -> 3000 | H80: =F80*G80 -> 6000 | J80: =H80+I80 -> 6000
A81: 07/02 | C81: 최유나 | D81: 블랜딩-다크(납품) | E81: 1/KG | F81: 1 | G81: =VLOOKUP(D81,단가!B:D,3,0) -> 25000 | H81: =F81*G81 -> 25000 | J81: =H81+I81 -> 25000
A82: 07/02 | C82: 한서병원 응급실 | D82: 블랜딩-다크(납품) | E82: 1/KG | F82: 2 | G82: =VLOOKUP(D82,단가!B:D,3,0) -> 25000 | H82: =F82*G82 -> 50000 | J82: =H82+I82 -> 50000
A83: 07/03 | C83: 정영숙 | D83: 예가체프 | E83: 200/G | F83: 1 | G83: =VLOOKUP(D83,단가!B:D,3,0) -> 15000 | H83: =F83*G83 -> 15000 | J83: =H83+I83 -> 15000
A84: 07/03 | C84: 정영숙 | D84: 택배비 | F84: 1 | G84: =VLOOKUP(D84,단가!B:D,3,0) -> 3000 | H84: =F84*G84 -> 3000 | J84: =H84+I84 -> 3000
A85: 07/09 | C85: 정미혜(어머니) | D85: 더치-예가체프 | E85: 500/ML | F85: 1 | G85: =VLOOKUP(D85,단가!B:D,3,0) -> 15000 | H85: =F85*G85 -> 15000 | J85: =H85+I85 -> 15000
A86: 07/09 | C86: 정미혜(어머니) | D86: 더치-유로 | E86: 500/ML | F86: 1 | G86: =VLOOKUP(D86,단가!B:D,3,0) -> 15000 | H86: =F86*G86 -> 15000 | J86: =H86+I86 -> 15000
A87: 07/09 | C87: 정영숙 | D87: 예가체프 | E87: 200/G | F87: 1 | G87: =VLOOKUP(D87,단가!B:D,3,0) -> 15000 | H87: =F87*G87 -> 15000 | J87: =H87+I87 -> 15000
A88: 07/09 | C88: 정영숙 | D88: 블렌딩-다크(100) | E88: 100/G | F88: 1 | G88: 7000 | J88: 7000
A89: 07/09 | C89: 정영숙 | D89: 케냐 | E89: 200/G | F89: 1 | G89: =VLOOKUP(D89,단가!B:D,3,0) -> 15000 | H89: =F89*G89 -> 15000 | J89: =H89+I89 -> 15000
A90: 07/09 | C90: 정영숙 | D90: 택배비 | F90: 1 | G90: =VLOOKUP(D90,단가!B:D,3,0) -> 3000 | H90: =F90*G90 -> 3000 | J90: =H90+I90 -> 3000
A91: 07/09 | C91: 강정인 | D91: 더치미니세트 | E91: 1/SET | F91: 1 | G91: =VLOOKUP(D91,단가!B:D,3,0) -> 42000 | H91: =F91*G91 -> 42000 | J91: =H91+I91 -> 42000
A92: 07/09 | C92: 강정인 | D92: 더치-예가체프 | E92: 500/ML | F92: 1 | G92: =VLOOKUP(D92,단가!B:D,3,0) -> 15000 | H92: =F92*G92 -> 15000 | J92: =H92+I92 -> 15000
A93: 07/12 | C93: 남지현 | D93: 더치미니세트 | E93: 1/SET | F93: 1 | G93: =VLOOKUP(D93,단가!B:D,3,0) -> 42000 | H93: =F93*G93 -> 42000 | J93: =H93+I93 -> 42000
A94: 07/16 | C94: 유정민 | D94: 코케허니 | E94: 200/G | F94: 1 | G94: =VLOOKUP(D94,단가!B:D,3,0) -> 15000 | H94: =F94*G94 -> 15000 | J94: =H94+I94 -> 15000
A95: 07/16 | C95: 유정민 | D95: 케냐 | E95: 200/G | F95: 1 | G95: =VLOOKUP(D95,단가!B:D,3,0) -> 15000 | H95: =F95*G95 -> 15000 | J95: =H95+I95 -> 15000
A96: 07/16 | C96: 유정민 | D96: 모모라 | E96: 200/G | F96: 1 | G96: =VLOOKUP(D96,단가!B:D,3,0) -> 15000 | H96: =F96*G96 -> 15000 | J96: =H96+I96 -> 15000
A97: 07/24 | C97: 류기순 | D97: 블랜딩-다크(납품) | E97: 1/KG | F97: 2 | G97: =VLOOKUP(D97,단가!B:D,3,0) -> 25000 | H97: =F97*G97 -> 50000 | J97: =H97+I97 -> 50000
A98: 07/26 | C98: 정영숙 | D98: 모모라 | E98: 200/G | F98: 1 | G98: =VLOOKUP(D98,단가!B:D,3,0) -> 15000 | H98: =F98*G98 -> 15000 | J98: =H98+I98 -> 15000
A99: 07/26 | C99: 정영숙 | D99: 나리노 | E99: 200/G | F99: 1 | G99: =VLOOKUP(D99,단가!B:D,3,0) -> 15000 | H99: =F99*G99 -> 15000 | J99: =H99+I99 -> 15000
A100: 08/05 | C100: 정영숙 | D100: 모모라 | E100: 200/G | F100: 1 | G100: =VLOOKUP(D100,단가!B:D,3,0) -> 15000 | H100: =F100*G100 -> 15000 | J100: =H100+I100 -> 15000
A101: 08/05 | C101: 정영숙 | D101: 나리노 | E101: 200/G | F101: 1 | G101: =VLOOKUP(D101,단가!B:D,3,0) -> 15000 | H101: =F101*G101 -> 15000 | J101: =H101+I101 -> 15000
A102: 08/12 | C102: 정영숙 | D102: 코케허니 | E102: 200/G | F102: 1 | G102: =VLOOKUP(D102,단가!B:D,3,0) -> 15000 | H102: =F102*G102 -> 15000 | J102: =H102+I102 -> 15000
... A104: 08/12 | C104: 정영숙 | D104: 코케허니 | E104: 200/G | F104: 1 | G104: =VLOOKUP(D104,단가!B:D,3,0) -> 15000 | H104: =F104*G104 -> 15000 | J104: =H104+I104 -> 15000
A105: 08/12 | C105: 정영숙 | D105: 택배비 | F105: 1 | G105: =VLOOKUP(D105,단가!B:D,3,0) -> 3000 | H105: =F105*G105 -> 3000 | J105: =H105+I105 -> 3000
A106: 08/26 | C106: 한서병원 응급실 | D106: 블랜딩-다크(납품) | E106: 1/KG | F106: 4 | G106: =VLOOKUP(D106,단가!B:D,3,0) -> 25000 | H106: =F106*G106 -> 100000 | J106: =H106+I106 -> 100000
A107: 08/26 | C107: 정영숙 | D107: 케냐 | E107: 200/G | F107: 1 | G107: =VLOOKUP(D107,단가!B:D,3,0) -> 15000 | H107: =F107*G107 -> 15000 | J107: =H107+I107 -> 15000
A108: 08/26 | C108: 정영숙 | D108: 모모라 | E108: 200/G | F108: 1 | G108: =VLOOKUP(D108,단가!B:D,3,0) -> 15000 | H108: =F108*G108 -> 15000 | J108: =H108+I108 -> 15000
A109: 08/27 | C109: 한서병원 응급실 | D109: 블랜딩-다크(납품) | E109: 1/KG | F109: 1 | G109: =VLOOKUP(D109,단가!B:D,3,0) -> 25000 | H109: =F109*G109 -> 25000 | J109: =H109+I109 -> 25000
...

Sheet 거래처별-사업자정보현황
A1: NO | B1: 사업자명 | C1: 사업자번호 | D1: 대표자명 | E1: 업태 | F1: 종목 | G1: 이메일주소 | H1: 담당자명 | I1: 담당자 연락처 | J1: 계산서발행여부
A2: 1 | B2: 민락초등학교 | D2: 황순남 | E2: 교육업 | F2: 초등학교 | J2: Y
A3: 2 | B3: 길 | C3: 472-88-02685 | D3: 유하경 | E3: 프랜차이즈 | F3: 커피 / 브런치 | G3: u_uyoo@naver.com | H3: 유하경 | I3: 010-6450-9663 | J3: Y
A4: 3 | B4: 루카 | C4: 139-35-01309 | D4: 안정환 | E4: 요식업 | F4: 파스타 | G4: wow6954@naver.com | H4: 김성훈 | I4: 010-7436-2068 | J4: Y
A5: 4 | B5: 우리행복요양병원 | E5: 병원 | I5: 010-3650-1381 | J5: N
A6: 5 | B6: 한서병원 응급실 | D6: 최유나 | E6: 병원 | H6: 최유나 | I6: 010-2279-0090 | J6: N
A7: 6 | B7: 25도 커피 부경대점 | J7: Y
A8: 7 | B8: 까페 산성 | C8: 671-27-01550 | D8: 이정숙 | E8: 음식 | F8: 커피 전문점 | H8: 정수임 | J8: Y
A9: 8 | B9: 박현숙 | E9: 개인 | G9: (3만원 이상 택배무료) | J9: N
A10: 9 | B10: 정영숙 | E10: 개인 | G10: (3만원 이상 택배무료) | J10: N
A11: 10 | B11: 노영애 | E11: 개인 | G11: 1kg 이상시 100g당 6000원(방문) | J11: N
A12: 11 | B12: 이용수 | E12: 개인 | G12: 100g 당 4-5000원 (택배) | J12: N
A13: 12 | B13: 김성우 | E13: 개인 | G13: 100g 당 4-5000원 (택배) | J13: N
A14: 13 | B14: 이성훈 | E14: 개인 | G14: (3만원 이상 택배무료) | J14: N
A15: 14 | B15: 정미혜(어머니) | E15: 개인 | G15: 25도 단가랑 같이 | J15: N
A16: 15 | B16: 류기순 | E16: 개인 | J16: N
A17: 16 | B17: 정선영(사촌) | E17: 개인 | J17: N
A18: 17 | B18: 김혜원 | E18: 개인 | J18: N
A19: 18 | B19: 최이사님 | E19: 개인 | J19: N
A20: 19 | B20: 이창식 | E20: 개인 | J20: N
A21: 20 | B21: 강정인 | E21: 개인 | J21: N
A22: 21 | B22: 앤트힐 | C22: 292-73-00409 | D22: 박정윤 | E22: 음식점업 | F22: 서양식 음식점업 | G22: anthilljeju@gmail.com | H22: 박정윤 | I22: 010-6254-6486 | J22: Y
A23: 22 | B23: 시종원 | E23: 개인 | J23: N
A24: 23 | B24: 정숙희 | E24: 개인 | J24: N
A25: 24 | B25: 해리단 빙수 | C25: 351-06-03038 | D25: 조현욱 | E25: 음식 | F25: 한식 | G25: dimtao2019@naver.com | I25: 010-8534-8602 | J25: Y
A26: 25 | B26: 그랜드타이어-거제지점 | C26: 863-85-02634 | D26: 박만식 | E26: 도매 및 소매업 | F26: 자동차 신품 타이어 및 튜브판매업 | G26: khpp4598@naver.com | H26: 김태현 | I26: 010-2318-3769 | J26: Y
A27: 26 | B27: 채선당 | C27: 520-88-02058 | D27: 황원준 | E27: 음식 | F27: 한식 | G27: cutty1917@kakao.com | H27: 황원준 | I27: 010-2316-1917 | J27: Y
A28: 27 | B28: 팜에이트 | C28: 396-85-01265 | D28: 박종위 | E28: 휴게음식점업 | F28: 농산물, 카페, 스마트팜 체험관 | G28: farmtom@farm8.co.kr | H28: 이석우 | I28: 010-9166-2364 | J28: Y
A29: 28 | B29: 카푸치노 | C29: 617-28-97267 | D29: 강치형 | E29: 음식 | F29: 커피전문점 | G29: cappuccinooo@naver.com | H29: 우공숙 | I29: 010-3858-3987 | J29: Y
A30: 29 | B30: 자이언트타이어 북부산점 | C30: 331-39-01354 | D30: 강병규 | E30: 도매 및 소매업 | F30: 타이어 | G30: gullira12@naver.com | H30: 강병규 | J30: Y
A31: 30 | B31: (주)그랜드타이어 | C31: 606-81-75744 | D31: 박만식 | E31: 도, 소매 서비스 | F31: 타이어 / 자동차부분정비 | G31: khppms8428@bill36524.com | H31: 박해준 | I31: 010-2988-1998 | J31: Y
A32: 31 | B32: ㈜ 그레이트타이어 창원지점 | C32: 639-85-01707 | D32: 박만식 | E32: 도매 및 소매업 | F32: 타이어 | G32: khpp1868@naver.com | I32: 010-5452-1615 | J32: Y
A33: 32 | B33: 화담 | C33: 721-74-00563 | D33: 김기호 | E33: 음식점업 | F33: 일반음식점 | G33: style4445@naver.com | H33: 김기호 | I33: 010-9418-6656 | J33: Y
A34: 33 | B34: 주식회사 그랜드타이어 부산시청지점 | C34: 630-85-00832 | D34: 박만식 | E34: 도소매, 서비스 | F34: 타이어, 자동차부분정비 | G34: khpp1054@bill36524.com | I34: 010-5527-5443 | J34: Y
A35: 34 | B35: 주식회사 그랜드타이어 서면지점 | C35: 772-85-00679 | D35: 박만식 | E35: 도소매, 서비스 | F35: 타이어 | G35: khpp18@bill36524.com | J35: Y
A36: 35 | B36: ㈜그랜드타이어 강변지점 | C36: 606-85-27798 | D36: 박만식 | E36: 도소매, 서비스 | F36: 타이어, 자동차부분정비 | G36: khpp1014@naver.com | I36: 010-5414-3513 | J36: Y
A37: 36 | B37: 주식회사 그랜드타이어 연지점 | C37: 323-85-01267 | D37: 박만식 | E37: 도소매 | F37: 타이어 | G37: khpp245@bill36524.com | I37: 010-6667-9876 | J37: Y
A38: 37 | B38: ㈜ 그랜드타이어 정관지점 | C38: 676-85-00328 | D38: 박만식 | E38: 도매업 소매업 | F38: 타이어 | G38: khpp7737@bill36524.com | I38: 010-2318-3769 | J38: Y
A39: 38 | B39: ㈜ 그랜드타이어 양산지점 | C39: 162-85-00299 | D39: 박만식 | E39: 도매업 소매업 | F39: 타이어 | G39: khpp1222@bill36524.com | I39: 010-8462-2388 | J39: Y
A40: 39 | B40: 주식회사 그레이트타이어 서김해지점 | C40: 158-85-02172 | D40: 박만식 | E40: 도소매업 | F40: 타이어 | G40: khpp91@naver.com | I40: 010-8743-8686 | J40: Y
A41: 40 | B41: 길브런치 경기이천점 | C41: 372-75-00539 | D41: 김정원 | E41: 음식 | F41: 휴게음식 | J41: Y
A42: 41 | B42: 메리본 | C42: 288-15-02640 | D42: 김혜란 | E42: 음식점업 | F42: 카페 | G42: khr5190@naver.com | I42: 010-8642-5190 | J42: Y
A43: 42 | B43: ㈜ 바라컴퍼니 | C43: 337-81-03742 | D43: 강현권 | E43: 서비스업 | F43: 프랜차이즈업 | G43: u_uyoo@naver.com | H43: 유하경 | I43: 010-6450-9663 | J43: Y
A44: 43 | B44: 주식회사 브릿지로지스틱스 | C44: 602-82-61160 | D44: 박동조 | E44: 운수업 | F44: 일반 화물 | G44: bridge303@naver.com | I44: 070-7327-4096 | J44: Y
A45: 44 | B45: 그랜드타이어 기장지점 | C45: 819-85-03131 | D45: 박만식 | E45: 도매 및 소매업 | F45: 타이어
A46: 45 | B46: 티스테이션거제고현점 주식회사 | C46: 667-88-02264 | D46: 김경희 | E46: 도소매 | F46: 타이어 자동차부품
A47: 46
A48: 47
A49: 48
A50: 49

Sheet 미수내역
A1: NO | B1: 가맹점명 | C1: 전월미수 | D1: 당월금액 | E1: 입금총액

Sheet 2024년 거래처별-납품현황
A1: 납품일 | B1: 횟수 | C1: 거래처명 | D1: 납품 품목 | E1: 규격/단위 | F1: 수량 | G1: 단가 | H1: 공급가액 | I1: 세액 | J1: 계 | K1: 총액
A2: 03/06 | C2: 길 광안점 | D2: 블렌딩-길 시그니처 | E2: 1/kg | F2: 10 | G2: =VLOOKUP(D2,단가!B:D,3,0) -> 19000 | H2: =F2*G2 -> 190000 | I2: =H2*0.1 -> 19000 | J2: =H2+I2 -> 209000
A3: 03/21 | C3: 길 연산점 | D3: 블렌딩-길 시그니처 | E3: 1/kg | F3: 10 | G3: =VLOOKUP(D3,단가!B:D,3,0) -> 19000 | H3: =F3*G3 -> 190000 | I3: =H3*0.1 -> 19000 | J3: =H3+I3 -> 209000
A4: 03/21 | C4: 길 연산점 | D4: 더치-길 다크 | E4: 1/L | F4: 3 | G4: =VLOOKUP(D4,단가!B:D,3,0) -> 6000 | H4: =F4*G4 -> 18000 | I4: =H4*0.1 -> 1800 | J4: =H4+I4 -> 19800
A5: 03/21 | C5: 길 연산점 | D5: 더치-길 디카페인 | E5: 1/L | F5: 1 | G5: =VLOOKUP(D5,단가!B:D,3,0) -> 8000 | H5: =F5*G5 -> 8000 | I5: =H5*0.1 -> 800 | J5: =H5+I5 -> 8800
A6: 03/23 | C6: 길 대연점 | D6: 블렌딩-길 시그니처 | E6: 1/kg | F6: 10 | G6: =VLOOKUP(D6,단가!B:D,3,0) -> 19000 | H6: =F6*G6 -> 190000 | I6: =H6*0.1 -> 19000 | J6: =H6+I6 -> 209000
A7: 03/23 | C7: 길 대연점 | D7: 더치-길 다크 | E7: 1/L | F7: 3 | G7: =VLOOKUP(D7,단가!B:D,3,0) -> 6000 | H7: =F7*G7 -> 18000 | I7: =H7*0.1 -> 1800 | J7: =H7+I7 -> 19800
A8: 03/23 | C8: 길 대연점 | D8: 더치-길 디카페인 | E8: 1/L | F8: 3 | G8: =VLOOKUP(D8,단가!B:D,3,0) -> 8000 | H8: =F8*G8 -> 24000 | I8: =H8*0.1 -> 2400 | J8: =H8+I8 -> 26400
A9: 03/23 | C9: 길 서면점 | D9: 블렌딩-길 시그니처 | E9: 1/kg | F9: 10 | G9: =VLOOKUP(D9,단가!B:D,3,0) -> 19000 | H9: =F9*G9 -> 190000 | I9: =H9*0.1 -> 19000 | J9: =H9+I9 -> 209000
A10: 03/31 | C10: 루카 | D10: 블렌딩-다크 | E10: 1/kg | F10: 2 | G10: =VLOOKUP(D10,단가!B:D,3,0) -> 20000 | H10: =F10*G10 -> 40000 | I10: =H10*0.1 -> 4000 | J10: =H10+I10 -> 44000
A11: 04/01 | C11: 루카 | D11: 블렌딩-다크 | E11: 1/kg | F11: 1 | G11: =VLOOKUP(D11,단가!B:D,3,0) -> 20000 | H11: =F11*G11 -> 20000 | I11: =H11*0.1 -> 2000 | J11: =H11+I11 -> 22000
A12: 04/03 | C12: 까페 산성 | D12: 블렌딩-다크 | E12: 1/kg | F12: 10 | G12: =VLOOKUP(D12,단가!B:D,3,0) -> 20000 | H12: =F12*G12 -> 200000 | I12: =H12*0.1 -> 20000 | J12: =H12+I12 -> 220000
A13: 04/03 | C13: 까페 산성 | D13: 만델링(25도) | E13: 200/g | F13: 1 | G13: =VLOOKUP(D13,단가!B:D,3,0) -> 10500 | H13: =F13*G13 -> 10500 | I13: =H13*0.1 -> 1050 | J13: =H13+I13 -> 11550
... A56: 04/22 | C56: 길 서면점 | D56: 더치-길 디카페인 | E56: 1/L | F56: 2 | G56: =VLOOKUP(D56,단가!B:D,3,0) -> 8000 | H56: =F56*G56 -> 16000 | I56: =H56*0.1 -> 1600 | J56: =H56+I56 -> 17600
A57: 04/22 | C57: 길 서면점 | D57: 택배비 | F57: 1 | G57: =VLOOKUP(D57,단가!B:D,3,0) -> 3000 | H57: =F57*G57 -> 3000 | J57: =H57+I57 -> 3000
A58: 04/22 | C58: 길 대연점 | D58: 더치-길 디카페인 | E58: 1/L | F58: 2 | G58: =VLOOKUP(D58,단가!B:D,3,0) -> 8000 | H58: =F58*G58 -> 16000 | I58: =H58*0.1 -> 1600 | J58: =H58+I58 -> 17600
A59: 04/22 | C59: 라미랑드 | D59: 유로(25도) | E59: 200/G | F59: 5 | G59: =VLOOKUP(D59,단가!B:D,3,0) -> 10500 | H59: =F59*G59 -> 52500 | I59: =H59*0.1 -> 5250 | J59: =H59+I59 -> 57750
A60: 04/25 | C60: 라미랑드 | D60: 코케허니(25도) | E60: 200/G | F60: 5 | G60: =VLOOKUP(D60,단가!B:D,3,0) -> 10500 | H60: =F60*G60 -> 52500 | I60: =H60*0.1 -> 5250 | J60: =H60+I60 -> 57750
A61: 04/25 | C61: 라미랑드 | D61: 나리노(25도) | E61: 200/G | F61: 5 | G61: =VLOOKUP(D61,단가!B:D,3,0) -> 10500 | H61: =F61*G61 -> 52500 | I61: =H61*0.1 -> 5250 | J61: =H61+I61 -> 57750
A62: 04/25 | C62: 라미랑드 | D62: 예가체프(25도) | E62: 200/G | F62: 5 | G62: =VLOOKUP(D62,단가!B:D,3,0) -> 10500 | H62: =F62*G62 -> 52500 | I62: =H62*0.1 -> 5250 | J62: =H62+I62 -> 57750
A63: 04/25 | C63: 라미랑드 | D63: 아체가요마운틴(25도) | E63: 200/G | F63: 5 | G63: =VLOOKUP(D63,단가!B:D,3,0) -> 10500 | H63: =F63*G63 -> 52500 | I63: =H63*0.1 -> 5250 | J63: =H63+I63 -> 57750
A64: 04/26 | C64: 까페 산성 | D64: 케냐(25도) | E64: 200/G | F64: 1 | G64: =VLOOKUP(D64,단가!B:D,3,0) -> 10500 | H64: =F64*G64 -> 10500 | I64: =H64*0.1 -> 1050 | J64: =H64+I64 -> 11550
A65: 04/26 | C65: 까페 산성 | D65: 아체가요마운틴(25도) | E65: 200/G | F65: 2 | G65: =VLOOKUP(D65,단가!B:D,3,0) -> 10500 | H65: =F65*G65 -> 21000 | I65: =H65*0.1 -> 2100 | J65: =H65+I65 -> 23100
A66: 04/26 | C66: 까페 산성 | D66: 나리노(25도) | E66: 200/G | F66: 1 | G66: =VLOOKUP(D66,단가!B:D,3,0) -> 10500 | H66: =F66*G66 -> 10500 | I66: =H66*0.1 -> 1050 | J66: =H66+I66 -> 11550
A67: 04/27 | C67: 라미랑드 | D67: 안티구아(25도) | E67: 200/G | F67: 5 | G67: =VLOOKUP(D67,단가!B:D,3,0) -> 10500 | H67: =F67*G67 -> 52500 | I67: =H67*0.1 -> 5250 | J67: =H67+I67 -> 57750
A68: 04/27 | C68: 라미랑드 | D68: 모모라(25도) | E68: 200/G | F68: 5 | G68: =VLOOKUP(D68,단가!B:D,3,0) -> 10500 | H68: =F68*G68 -> 52500 | I68: =H68*0.1 -> 5250 | J68: =H68+I68 -> 57750
A69: 04/27 | C69: 라미랑드 | D69: 케냐(25도) | E69: 200/G | F69: 5 | G69: =VLOOKUP(D69,단가!B:D,3,0) -> 10500 | H69: =F69*G69 -> 52500 | I69: =H69*0.1 -> 5250 | J69: =H69+I69 -> 57750
... A291: 08/28 | C291: 길 진도점 | D291: 더치-길 디카페인 | E291: 1/L | F291: 3 | G291: =VLOOKUP(D291,단가!B:D,3,0) -> 8000 | H291: =F291*G291 -> 24000 | I291: =H291*0.1 -> 2400 | J291: =H291+I291 -> 26400
A292: 08/28 | C292: 길 진도점 | D292: 택배비 | F292: 1 | G292: =VLOOKUP(D292,단가!B:D,3,0) -> 3000 | H292: =F292*G292 -> 3000 | J292: =H292+I292 -> 3000
A293: 08/30 | C293: 채선당 | D293: 블렌딩-다크 | E293: 1/KG | F293: 5 | G293: =VLOOKUP(D293,단가!B:D,3,0) -> 20000 | H293: =F293*G293 -> 100000 | I293: =H293*0.1 -> 10000 | J293: =H293+I293 -> 110000
A294: 09/02 | C294: 길 대연점 | D294: 블렌딩-길 시그니처 | E294: 1/KG | F294: 10 | G294: =VLOOKUP(D294,단가!B:D,3,0) -> 19000 | H294: =F294*G294 -> 190000 | I294: =H294*0.1 -> 19000 | J294: =H294+I294 -> 209000
A295: 09/02 | C295: 까페 산성 | D295: 블렌딩-다크 | E295: 1/KG | F295: 15 | G295: =VLOOKUP(D295,단가!B:D,3,0) -> 20000 | H295: =F295*G295 -> 300000 | I295: =H295*0.1 -> 30000 | J295: =H295+I295 -> 330000
A296: 09/03 | C296: 길 광안점 | D296: 블렌딩-길 시그니처 | E296: 1/KG | F296: 10 | G296: =VLOOKUP(D296,단가!B:D,3,0) -> 19000 | H296: =F296*G296 -> 190000 | I296: =H296*0.1 -> 19000 | J296: =H296+I296 -> 209000
A297: 09/03 | C297: 길 광안점 | D297: 더치-길 디카페인 | E297: 1/L | F297: 2 | G297: =VLOOKUP(D297,단가!B:D,3,0) -> 8000 | H297: =F297*G297 -> 16000 | I297: =H297*0.1 -> 1600 | J297: =H297+I297 -> 17600
A298: 09/03 | C298: 길 광안점 | D298: 더치-길 다크 | E298: 1/L | F298: 2 | G298: =VLOOKUP(D298,단가!B:D,3,0) -> 6000 | H298: =F298*G298 -> 12000 | I298: =H298*0.1 -> 1200 | J298: =H298+I298 -> 13200
A299: 09/04 | C299: 라미랑드 | D299: 유로(25도) | E299: 200/G | F299: 5 | G299: =VLOOKUP(D299,단가!B:D,3,0) -> 10500 | H299: =F299*G299 -> 52500 | I299: =H299*0.1 -> 5250 | J299: =H299+I299 -> 57750
A300: 09/04 | C300: 라미랑드 | D300: 안티구아(25도) | E300: 200/G | F300: 5 | G300: =VLOOKUP(D300,단가!B:D,3,0) -> 10500 | H300: =F300*G300 -> 52500 | I300: =H300*0.1 -> 5250 | J300: =H300+I300 -> 57750
A301: 09/04 | C301: 라미랑드 | D301: 아체가요마운틴(25도) | E301: 200/G | F301: 5 | G301: =VLOOKUP(D301,단가!B:D,3,0) -> 10500 | H301: =F301*G301 -> 52500 | I301: =H301*0.1 -> 5250 | J301: =H301+I301 -> 57750
A302: 09/04 | C302: 라미랑드 | D302: 만델링(25도) | E302: 200/G | F302: 5 | G302: =VLOOKUP(D302,단가!B:D,3,0) -> 10500 | H302: =F302*G302 -> 52500 | I302: =H302*0.1 -> 5250 | J302: =H302+I302 -> 57750
A303: 09/04 | C303: 라미랑드 | D303: 케냐(25도) | E303: 200/G | F303: 5 | G303: =VLOOKUP(D303,단가!B:D,3,0) -> 10500 | H303: =F303*G303 -> 52500 | I303: =H303*0.1 -> 5250 | J303: =H303+I303 -> 57750
A304: 09/04 | C304: 라미랑드 | D304: 나리노(25도) | E304: 200/G | F304: 5 | G304: =VLOOKUP(D304,단가!B:D,3,0) -> 10500 | H304: =F304*G304 -> 52500 | I304: =H304*0.1 -> 5250 | J304: =H304+I304 -> 57750
... A326: 09/12 | C326: 길 서면점 | D326: 블렌딩-길 시그니처 | E326: 1/KG | F326: 3 | G326: =VLOOKUP(D326,단가!B:D,3,0) -> 19000 | H326: =F326*G326 -> 57000 | I326: =H326*0.1 -> 5700 | J326: =H326+I326 -> 62700
A327: 09/12 | C327: 길 서면점 | D327: 택배비 | F327: 1 | G327: =VLOOKUP(D327,단가!B:D,3,0) -> 3000 | H327: =F327*G327 -> 3000 | J327: =H327+I327 -> 3000
A328: 09/15 | C328: 까페 산성 | D328: 블렌딩-다크 | E328: 1/KG | F328: 5 | G328: =VLOOKUP(D328,단가!B:D,3,0) -> 20000 | H328: =F328*G328 -> 100000 | I328: =H328*0.1 -> 10000 | J328: =H328+I328 -> 110000
A329: 09/15 | C329: 까페 산성 | D329: 더치-안티구아(25도) | E329: 500/ML | F329: 1 | G329: =VLOOKUP(D329,단가!B:D,3,0) -> 10500 | H329: =F329*G329 -> 10500 | I329: =H329*0.1 -> 1050 | J329: =H329+I329 -> 11550
A330: 09/15 | C330: 까페 산성 | D330: 더치-아체가요마운틴(25도) | E330: 500/ML | F330: 1 | G330: =VLOOKUP(D330,단가!B:D,3,0) -> 10500 | H330: =F330*G330 -> 10500 | I330: =H330*0.1 -> 1050 | J330: =H330+I330 -> 11550
A331: 09/15 | C331: 까페 산성 | D331: 더치-코케허니(25도) | E331: 500/ML | F331: 2 | G331: =VLOOKUP(D331,단가!B:D,3,0) -> 10500 | H331: =F331*G331 -> 21000 | I331: =H331*0.1 -> 2100 | J331: =H331+I331 -> 23100
A332: 09/19 | C332: 라미랑드 | D332: 안티구아(25도) | E332: 200/G | F332: 5 | G332: =VLOOKUP(D332,단가!B:D,3,0) -> 10500 | H332: =F332*G332 -> 52500 | I332: =H332*0.1 -> 5250 | J332: =H332+I332 -> 57750
A333: 09/19 | C333: 라미랑드 | D333: 코케허니(25도) | E333: 200/G | F333: 5 | G333: =VLOOKUP(D333,단가!B:D,3,0) -> 10500 | H333: =F333*G333 -> 52500 | I333: =H333*0.1 -> 5250 | J333: =H333+I333 -> 57750
A334: 09/19 | C334: 라미랑드 | D334: 만델링(25도) | E334: 200/G | F334: 5 | G334: =VLOOKUP(D334,단가!B:D,3,0) -> 10500 | H334: =F334*G334 -> 52500 | I334: =H334*0.1 -> 5250 | J334: =H334+I334 -> 57750
A335: 09/19 | C335: 라미랑드 | D335: 예가체프(25도) | E335: 200/G | F335: 5 | G335: =VLOOKUP(D335,단가!B:D,3,0) -> 10500 | H335: =F335*G335 -> 52500 | I335: =H335*0.1 -> 5250 | J335: =H335+I335 -> 57750
A336: 09/20 | C336: 채선당 | D336: 블렌딩-다크 | E336: 1/KG | F336: 5 | G336: =VLOOKUP(D336,단가!B:D,3,0) -> 20000 | H336: =F336*G336 -> 100000 | I336: =H336*0.1 -> 10000 | J336: =H336+I336 -> 110000
A337: 09/20 | C337: 길 연산점 | D337: 블렌딩-길 시그니처 | E337: 1/KG | F337: 10 | G337: =VLOOKUP(D337,단가!B:D,3,0) -> 19000 | H337: =F337*G337 -> 190000 | I337: =H337*0.1 -> 19000 | J337: =H337+I337 -> 209000
A338: 09/20 | C338: 길 연산점 | D338: 더치-길 디카페인 | E338: 1/L | F338: 2 | G338: =VLOOKUP(D338,단가!B:D,3,0) -> 8000 | H338: =F338*G338 -> 16000 | I338: =H338*0.1 -> 1600 | J338: =H338+I338 -> 17600
A339: 09/20 | C339: 라미랑드 | D339: 모모라(25도) | E339: 200/G | F339: 5 | G339: =VLOOKUP(D339,단가!B:D,3,0) -> 10500 | H339: =F339*G339 -> 52500 | I339: =H339*0.1 -> 5250 | J339: =H339+I339 -> 57750
... A482: 11/22 | C482: 라미랑드 | D482: 안티구아(25도) | E482: 200/G | F482: 5 | G482: =VLOOKUP(D482,단가!B:D,3,0) -> 10500 | H482: =F482*G482 -> 52500 | I482: =H482*0.1 -> 5250 | J482: =H482+I482 -> 57750
A483: 11/25 | C483: (주)그랜드타이어 | D483: 머신 렌탈료 | F483: 1 | G483: =VLOOKUP(D483,단가!B:D,3,0) -> 30000 | H483: =F483*G483 -> 30000 | I483: =H483*0.1 -> 3000 | J483: =H483+I483 -> 33000
A484: 11/25 | C484: 그랜드타이어-거제지점 | D484: 머신 렌탈료 | F484: 1 | G484: =VLOOKUP(D484,단가!B:D,3,0) -> 30000 | H484: =F484*G484 -> 30000 | I484: =H484*0.1 -> 3000 | J484: =H484+I484 -> 33000
A485: 11/27 | C485: 까페 산성 | D485: 블렌딩-다크 | E485: 1/KG | F485: 5 | G485: =VLOOKUP(D485,단가!B:D,3,0) -> 20000 | H485: =F485*G485 -> 100000 | I485: =H485*0.1 -> 10000 | J485: =H485+I485 -> 110000
A486: 11/27 | C486: 까페 산성 | D486: 케냐(25도) | E486: 200/G | F486: 1 | G486: =VLOOKUP(D486,단가!B:D,3,0) -> 10500 | H486: =F486*G486 -> 10500 | I486: =H486*0.1 -> 1050 | J486: =H486+I486 -> 11550
A487: 11/27 | C487: 까페 산성 | D487: 유로(25도) | E487: 200/G | F487: 1 | G487: =VLOOKUP(D487,단가!B:D,3,0) -> 10500 | H487: =F487*G487 -> 10500 | I487: =H487*0.1 -> 1050 | J487: =H487+I487 -> 11550
A488: 11/27 | C488: 까페 산성 | D488: 더치-디카페인(납품) | E488: 500/ML | F488: 2 | G488: =VLOOKUP(D488,단가!B:D,3,0) -> 10500 | H488: =F488*G488 -> 21000 | I488: =H488*0.1 -> 2100 | J488: =H488+I488 -> 23100
A489: 11/27 | C489: 까페 산성 | D489: 더치-안티구아(25도) | E489: 500/ML | F489: 1 | G489: =VLOOKUP(D489,단가!B:D,3,0) -> 10500 | H489: =F489*G489 -> 10500 | I489: =H489*0.1 -> 1050 | J489: =H489+I489 -> 11550
A490: 11/27 | C490: 라미랑드 | D490: 블렌딩-다크 | E490: 1/KG | F490: 5 | G490: =VLOOKUP(D490,단가!B:D,3,0) -> 20000 | H490: =F490*G490 -> 100000 | I490: =H490*0.1 -> 10000 | J490: =H490+I490 -> 110000
A491: 11/27 | C491: 라미랑드 | D491: 코케허니(25도) | E491: 200/G | F491: 5 | G491: =VLOOKUP(D491,단가!B:D,3,0) -> 10500 | H491: =F491*G491 -> 52500 | I491: =H491*0.1 -> 5250 | J491: =H491+I491 -> 57750
A492: 11/27 | C492: 라미랑드 | D492: 모모라(25도) | E492: 200/G | F492: 5 | G492: =VLOOKUP(D492,단가!B:D,3,0) -> 10500 | H492: =F492*G492 -> 52500 | I492: =H492*0.1 -> 5250 | J492: =H492+I492 -> 57750
A493: 11/27 | C493: 라미랑드 | D493: 케냐(25도) | E493: 200/G | F493: 5 | G493: =VLOOKUP(D493,단가!B:D,3,0) -> 10500 | H493: =F493*G493 -> 52500 | I493: =H493*0.1 -> 5250 | J493: =H493+I493 -> 57750
A494: 11/27 | C494: 라미랑드 | D494: 나리노(25도) | E494: 200/G | F494: 5 | G494: =VLOOKUP(D494,단가!B:D,3,0) -> 10500 | H494: =F494*G494 -> 52500 | I494: =H494*0.1 -> 5250 | J494: =H494+I494 -> 57750
A495: 11/27 | C495: 라미랑드 | D495: 만델링(25도) | E495: 200/G | F495: 5 | G495: =VLOOKUP(D495,단가!B:D,3,0) -> 10500 | H495: =F495*G495 -> 52500 | I495: =H495*0.1 -> 5250 | J495: =H495+I495 -> 57750
A496: 11/27 | C496: 라미랑드 | D496: 아체가요마운틴(25도) | E496: 200/G | F496: 5 | G496: =VLOOKUP(D496,단가!B:D,3,0) -> 10500 | H496: =F496*G496 -> 52500 | I496: =H496*0.1 -> 5250 | J496: =H496+I496 -> 57750
... A546: 12/24 | C546: 까페 산성 | D546: 나리노(25도) | E546: 200/G | F546: 1 | G546: =VLOOKUP(D546,단가!B:D,3,0) -> 10500 | H546: =F546*G546 -> 10500 | I546: =H546*0.1 -> 1050 | J546: =H546+I546 -> 11550
A547: 12/26 | C547: (주)그랜드타이어 | D547: 머신 렌탈료 | F547: 1 | G547: =VLOOKUP(D547,단가!B:D,3,0) -> 30000 | H547: =F547*G547 -> 30000 | I547: =H547*0.1 -> 3000 | J547: =H547+I547 -> 33000
A548: 12/26 | C548: 그랜드타이어-거제지점 | D548: 머신 렌탈료 | F548: 1 | G548: =VLOOKUP(D548,단가!B:D,3,0) -> 30000 | H548: =F548*G548 -> 30000 | I548: =H548*0.1 -> 3000 | J548: =H548+I548 -> 33000
A549: 12/26 | C549: ㈜ 그레이트타이어 창원지점 | D549: 머신 렌탈료 | F549: 1 | G549: =VLOOKUP(D549,단가!B:D,3,0) -> 30000 | H549: =F549*G549 -> 30000 | I549: =H549*0.1 -> 3000 | J549: =H549+I549 -> 33000
A550: 12/27 | C550: 길 대연점 | D550: 블렌딩-다크 | E550: 1/KG | F550: 10 | G550: =VLOOKUP(D550,단가!B:D,3,0) -> 20000 | H550: =F550*G550 -> 200000 | I550: =H550*0.1 -> 20000 | J550: =H550+I550 -> 220000
A551: 12/30 | C551: 라미랑드 | D551: 블렌딩-다크 | E551: 1/KG | F551: 5 | G551: =VLOOKUP(D551,단가!B:D,3,0) -> 20000 | H551: =F551*G551 -> 100000 | I551: =H551*0.1 -> 10000 | J551: =H551+I551 -> 110000
A552: 12/30 | C552: 라미랑드 | D552: 예가체프(25도) | E552: 200/G | F552: 5 | G552: =VLOOKUP(D552,단가!B:D,3,0) -> 10500 | H552: =F552*G552 -> 52500 | I552: =H552*0.1 -> 5250 | J552: =H552+I552 -> 57750
A553: 12/30 | C553: 라미랑드 | D553: 유로(25도) | E553: 200/G | F553: 5 | G553: =VLOOKUP(D553,단가!B:D,3,0) -> 10500 | H553: =F553*G553 -> 52500 | I553: =H553*0.1 -> 5250 | J553: =H553+I553 -> 57750
A554: 12/30 | C554: 라미랑드 | D554: 케냐(25도) | E554: 200/G | F554: 5 | G554: =VLOOKUP(D554,단가!B:D,3,0) -> 10500 | H554: =F554*G554 -> 52500 | I554: =H554*0.1 -> 5250 | J554: =H554+I554 -> 57750
A555: 12/31 | C555: 주식회사 그레이트타이어 서김해지점 | D555: 블렌딩-다크(그랜드타이어) | E555: 1/KG | F555: 2 | G555: =VLOOKUP(D555,단가!B:D,3,0) -> 32000 | H555: =F555*G555 -> 64000 | I555: =H555*0.1 -> 6400 | J555: =H555+I555 -> 70400
A556: 12/31 | C556: ㈜ 그랜드타이어 양산지점 | D556: 블렌딩-다크(그랜드타이어) | E556: 1/KG | F556: 2 | G556: =VLOOKUP(D556,단가!B:D,3,0) -> 32000 | H556: =F556*G556 -> 64000 | I556: =H556*0.1 -> 6400 | J556: =H556+I556 -> 70400
A557: 12/31 | C557: ㈜ 그랜드타이어 정관지점 | D557: 블렌딩-다크(그랜드타이어) | E557: 1/KG | F557: 2 | G557: =VLOOKUP(D557,단가!B:D,3,0) -> 32000 | H557: =F557*G557 -> 64000 | I557: =H557*0.1 -> 6400 | J557: =H557+I557 -> 70400
G558: =VLOOKUP(D558,단가!B:D,3,0) -> #N/A | H558: =F558*G558 -> #N/A | I558: =H558*0.1 -> #N/A | J558: =H558+I558 -> #N/A
G559: =VLOOKUP(D559,단가!B:D,3,0) -> #N/A | H559: =F559*G559 -> #N/A | I559: =H559*0.1 -> #N/A | J559: =H559+I559 -> #N/A
G560: =VLOOKUP(D560,단가!B:D,3,0) -> #N/A | H560: =F560*G560 -> #N/A | I560: =H560*0.1 -> #N/A | J560: =H560+I560 -> #N/A
G561: =VLOOKUP(D561,단가!B:D,3,0) -> #N/A | H561: =F561*G561 -> #N/A | I561: =H561*0.1 -> #N/A | J561: =H561+I561 -> #N/A
G562: =VLOOKUP(D562,단가!B:D,3,0) -> #N/A | H562: =F562*G562 -> #N/A | I562: =H562*0.1 -> #N/A | J562: =H562+I562 -> #N/A
G563: =VLOOKUP(D563,단가!B:D,3,0) -> #N/A | H563: =F563*G563 -> #N/A | I563: =H563*0.1 -> #N/A | J563: =H563+I563 -> #N/A
G564: =VLOOKUP(D564,단가!B:D,3,0) -> #N/A | H564: =F564*G564 -> #N/A | I564: =H564*0.1 -> #N/A | J564: =H564+I564 -> #N/A
G565: =VLOOKUP(D565,단가!B:D,3,0) -> #N/A | H565: =F565*G565 -> #N/A | I565: =H565*0.1 -> #N/A | J565: =H565+I565 -> #N/A
G566: =VLOOKUP(D566,단가!B:D,3,0) -> #N/A | H566: =F566*G566 -> #N/A | I566: =H566*0.1 -> #N/A | J566: =H566+I566 -> #N/A
G567: =VLOOKUP(D567,단가!B:D,3,0) -> #N/A | H567: =F567*G567 -> #N/A | I567: =H567*0.1 -> #N/A | J567: =H567+I567 -> #N/A
G568: =VLOOKUP(D568,단가!B:D,3,0) -> #N/A | H568: =F568*G568 -> #N/A | I568: =H568*0.1 -> #N/A | J568: =H568+I568 -> #N/A
G569: =VLOOKUP(D569,단가!B:D,3,0) -> #N/A | H569: =F569*G569 -> #N/A | I569: =H569*0.1 -> #N/A | J569: =H569+I569 -> #N/A
... G748: =VLOOKUP(D748,단가!B:D,3,0) -> #N/A | H748: =F748*G748 -> #N/A | I748: =H748*0.1 -> #N/A | J748: =H748+I748 -> #N/A

Sheet 2025년 거래처별-납품현황
A1: 납품일 | B1: 횟수 | C1: 거래처명 | D1: 납품 품목 | E1: 규격/단위 | F1: 수량 | G1: 단가 | H1: 공급가액 | I1: 세액 | J1: 계 | K1: 총액 | L1: =SUBTOTAL(9,J:J) -> #N/A
A2: 01/02 | C2: 라미랑드 | D2: 예가체프(25도) | E2: 200/G | F2: 5 | G2: =VLOOKUP(D2,단가!B:D,3,0) -> 10500 | H2: =F2*G2 -> 52500 | I2: =H2*0.1 -> 5250 | J2: =H2+I2 -> 57750
A3: 01/02 | C3: 라미랑드 | D3: 모모라(25도) | E3: 200/G | F3: 5 | G3: =VLOOKUP(D3,단가!B:D,3,0) -> 10500 | H3: =F3*G3 -> 52500 | I3: =H3*0.1 -> 5250 | J3: =H3+I3 -> 57750
A4: 01/02 | C4: 라미랑드 | D4: 코케허니(25도) | E4: 200/G | F4: 5 | G4: =VLOOKUP(D4,단가!B:D,3,0) -> 10500 | H4: =F4*G4 -> 52500 | I4: =H4*0.1 -> 5250 | J4: =H4+I4 -> 57750
A5: 01/02 | C5: 라미랑드 | D5: 케냐(25도) | E5: 200/G | F5: 5 | G5: =VLOOKUP(D5,단가!B:D,3,0) -> 10500 | H5: =F5*G5 -> 52500 | I5: =H5*0.1 -> 5250 | J5: =H5+I5 -> 57750
A6: 01/02 | C6: 라미랑드 | D6: 나리노(25도) | E6: 200/G | F6: 5 | G6: =VLOOKUP(D6,단가!B:D,3,0) -> 10500 | H6: =F6*G6 -> 52500 | I6: =H6*0.1 -> 5250 | J6: =H6+I6 -> 57750
A7: 01/02 | C7: 라미랑드 | D7: 안티구아(25도) | E7: 200/G | F7: 5 | G7: =VLOOKUP(D7,단가!B:D,3,0) -> 10500 | H7: =F7*G7 -> 52500 | I7: =H7*0.1 -> 5250 | J7: =H7+I7 -> 57750
A8: 01/02 | C8: 라미랑드 | D8: 유로(25도) | E8: 200/G | F8: 5 | G8: =VLOOKUP(D8,단가!B:D,3,0) -> 10500 | H8: =F8*G8 -> 52500 | I8: =H8*0.1 -> 5250 | J8: =H8+I8 -> 57750
A9: 01/02 | C9: 라미랑드 | D9: 만델링(25도) | E9: 200/G | F9: 5 | G9: =VLOOKUP(D9,단가!B:D,3,0) -> 10500 | H9: =F9*G9 -> 52500 | I9: =H9*0.1 -> 5250 | J9: =H9+I9 -> 57750
A10: 01/02 | C10: 라미랑드 | D10: 아체가요마운틴(25도) | E10: 200/G | F10: 5 | G10: =VLOOKUP(D10,단가!B:D,3,0) -> 10500 | H10: =F10*G10 -> 52500 | I10: =H10*0.1 -> 5250 | J10: =H10+I10 -> 57750
A11: 01/02 | C11: 라미랑드 | D11: 블렌딩-다크 | E11: 1/KG | F11: 4 | G11: =VLOOKUP(D11,단가!B:D,3,0) -> 20000 | H11: =F11*G11 -> 80000 | I11: =H11*0.1 -> 8000 | J11: =H11+I11 -> 88000
A12: 01/02 | C12: 카푸치노 | D12: 블렌딩-다크 | E12: 1/KG | F12: 3 | G12: =VLOOKUP(D12,단가!B:D,3,0) -> 20000 | H12: =F12*G12 -> 60000 | I12: =H12*0.1 -> 6000 | J12: =H12+I12 -> 66000
A13: 01/07 | C13: 길 달맞이점 | D13: 블렌딩-다크 | E13: 1/KG | F13: 10 | G13: =VLOOKUP(D13,단가!B:D,3,0) -> 20000 | H13: =F13*G13 -> 200000 | I13: =H13*0.1 -> 20000 | J13: =H13+I13 -> 220000
... A54: 01/30 | C54: 라미랑드 | D54: 블렌딩-다크 | E54: 1/KG | F54: 2 | G54: =VLOOKUP(D54,단가!B:D,3,0) -> 20000 | H54: =F54*G54 -> 40000 | I54: =H54*0.1 -> 4000 | J54: =H54+I54 -> 44000
A55: 01/31 | C55: (주)그랜드타이어 | D55: 머신 렌탈료 | F55: 1 | G55: =VLOOKUP(D55,단가!B:D,3,0) -> 30000 | H55: =F55*G55 -> 30000 | I55: =H55*0.1 -> 3000 | J55: =H55+I55 -> 33000
A56: 01/31 | C56: ㈜그랜드타이어 강변지점 | D56: 머신 렌탈료 | F56: 1 | G56: =VLOOKUP(D56,단가!B:D,3,0) -> 30000 | H56: =F56*G56 -> 30000 | I56: =H56*0.1 -> 3000 | J56: =H56+I56 -> 33000
A57: 01/31 | C57: 주식회사 그랜드타이어 서면지점 | D57: 머신 렌탈료 | F57: 1 | G57: =VLOOKUP(D57,단가!B:D,3,0) -> 30000 | H57: =F57*G57 -> 30000 | I57: =H57*0.1 -> 3000 | J57: =H57+I57 -> 33000
A58: 01/31 | C58: 주식회사 그랜드타이어 부산시청지점 | D58: 머신 렌탈료 | F58: 1 | G58: =VLOOKUP(D58,단가!B:D,3,0) -> 30000 | H58: =F58*G58 -> 30000 | I58: =H58*0.1 -> 3000 | J58: =H58+I58 -> 33000
A59: 01/31 | C59: 주식회사 그랜드타이어 연지점 | D59: 머신 렌탈료 | F59: 1 | G59: =VLOOKUP(D59,단가!B:D,3,0) -> 30000 | H59: =F59*G59 -> 30000 | I59: =H59*0.1 -> 3000 | J59: =H59+I59 -> 33000
A60: 01/31 | C60: 그랜드타이어-거제지점 | D60: 머신 렌탈료 | F60: 1 | G60: =VLOOKUP(D60,단가!B:D,3,0) -> 30000 | H60: =F60*G60 -> 30000 | I60: =H60*0.1 -> 3000 | J60: =H60+I60 -> 33000
A61: 01/31 | C61: ㈜ 그레이트타이어 창원지점 | D61: 머신 렌탈료 | F61: 1 | G61: =VLOOKUP(D61,단가!B:D,3,0) -> 30000 | H61: =F61*G61 -> 30000 | I61: =H61*0.1 -> 3000 | J61: =H61+I61 -> 33000
A62: 02/01 | C62: 까페 산성 | D62: 블렌딩-다크 | E62: 1/KG | F62: 5 | G62: =VLOOKUP(D62,단가!B:D,3,0) -> 20000 | H62: =F62*G62 -> 100000 | I62: =H62*0.1 -> 10000 | J62: =H62+I62 -> 110000
A63: 02/01 | C63: 까페 산성 | D63: 디카페인(25도) | E63: 200/G | F63: 1 | G63: =VLOOKUP(D63,단가!B:D,3,0) -> 10500 | H63: =F63*G63 -> 10500 | I63: =H63*0.1 -> 1050 | J63: =H63+I63 -> 11550
A64: 02/01 | C64: 까페 산성 | D64: 더치-디카페인(25도) | E64: 500/ML | F64: 1 | G64: =VLOOKUP(D64,단가!B:D,3,0) -> 10500 | H64: =F64*G64 -> 10500 | I64: =H64*0.1 -> 1050 | J64: =H64+I64 -> 11550
A65: 02/03 | C65: 앤트힐 | D65: 블렌딩-다크 | E65: 1/KG | F65: 5 | G65: =VLOOKUP(D65,단가!B:D,3,0) -> 20000 | H65: =F65*G65 -> 100000 | I65: =H65*0.1 -> 10000 | J65: =H65+I65 -> 110000
A66: 02/03 | C66: 앤트힐 | D66: 블렌딩-라이트. | E66: 1/KG | F66: 5 | G66: =VLOOKUP(D66,단가!B:D,3,0) -> 22000 | H66: =F66*G66 -> 110000 | I66: =H66*0.1 -> 11000 | J66: =H66+I66 -> 121000
A67: 02/03 | C67: 팜에이트 | D67: 블렌딩-라이트. | E67: 1/KG | F67: 10 | G67: =VLOOKUP(D67,단가!B:D,3,0) -> 22000 | H67: =F67*G67 -> 220000 | I67: =H67*0.1 -> 22000 | J67: =H67+I67 -> 242000
A68: 02/03 | C68: 라미랑드 | D68: 블렌딩-다크 | E68: 1/KG | F68: 5 | G68: =VLOOKUP(D68,단가!B:D,3,0) -> 20000 | H68: =F68*G68 -> 100000 | I68: =H68*0.1 -> 10000 | J68: =H68+I68 -> 110000
A69: 02/03 | C69: 라미랑드 | D69: 예가체프(25도) | E69: 200/G | F69: 2 | G69: =VLOOKUP(D69,단가!B:D,3,0) -> 10500 | H69: =F69*G69 -> 21000 | I69: =H69*0.1 -> 2100 | J69: =H69+I69 -> 23100
A70: 02/05 | C70: 길 달맞이점 | D70: 더치-길 디카페인 | E70: 1/L | F70: 2 | G70: =VLOOKUP(D70,단가!B:D,3,0) -> 8000 | H70: =F70*G70 -> 16000 | I70: =H70*0.1 -> 1600 | J70: =H70+I70 -> 17600
A71: 02/05 | C71: 길 달맞이점 | D71: 택배비 | F71: 1 | G71: =VLOOKUP(D71,단가!B:D,3,0) -> 3000 | H71: =F71*G71 -> 3000 | I71: 300 | J71: =H71+I71 -> 3300
A72: 02/06 | C72: (주)그랜드타이어 | D72: 블렌딩-다크(그랜드타이어) | E72: 1/KG | F72: 4 | G72: =VLOOKUP(D72,단가!B:D,3,0) -> 32000 | H72: =F72*G72 -> 128000 | I72: =H72*0.1 -> 12800 | J72: =H72+I72 -> 140800
A73: 02/06 | C73: 라미랑드 | D73: 유로(25도) | E73: 200/G | F73: 5 | G73: =VLOOKUP(D73,단가!B:D,3,0) -> 10500 | H73: =F73*G73 -> 52500 | I73: =H73*0.1 -> 5250 | J73: =H73+I73 -> 57750
A74: 02/06 | C74: 라미랑드 | D74: 예가체프(25도) | E74: 200/G | F74: 5 | G74: =VLOOKUP(D74,단가!B:D,3,0) -> 10500 | H74: =F74*G74 -> 52500 | I74: =H74*0.1 -> 5250 | J74: =H74+I74 -> 57750
A75: 02/06 | C75: 라미랑드 | D75: 안티구아(25도) | E75: 200/G | F75: 5 | G75: =VLOOKUP(D75,단가!B:D,3,0) -> 10500 | H75: =F75*G75 -> 52500 | I75: =H75*0.1 -> 5250 | J75: =H75+I75 -> 57750
A76: 02/06 | C76: 라미랑드 | D76: 모모라(25도) | E76: 200/G | F76: 5 | G76: =VLOOKUP(D76,단가!B:D,3,0) -> 10500 | H76: =F76*G76 -> 52500 | I76: =H76*0.1 -> 5250 | J76: =H76+I76 -> 57750
A77: 02/06 | C77: 라미랑드 | D77: 코케허니(25도) | E77: 200/G | F77: 5 | G77: =VLOOKUP(D77,단가!B:D,3,0) -> 10500 | H77: =F77*G77 -> 52500 | I77: =H77*0.1 -> 5250 | J77: =H77+I77 -> 57750
A78: 02/06 | C78: 라미랑드 | D78: 나리노(25도) | E78: 200/G | F78: 5 | G78: =VLOOKUP(D78,단가!B:D,3,0) -> 10500 | H78: =F78*G78 -> 52500 | I78: =H78*0.1 -> 5250 | J78: =H78+I78 -> 57750
A79: 02/06 | C79: 라미랑드 | D79: 케냐(25도) | E79: 200/G | F79: 5 | G79: =VLOOKUP(D79,단가!B:D,3,0) -> 10500 | H79: =F79*G79 -> 52500 | I79: =H79*0.1 -> 5250 | J79: =H79+I79 -> 57750
A80: 02/06 | C80: 라미랑드 | D80: 아체가요마운틴(25도) | E80: 200/G | F80: 5 | G80: =VLOOKUP(D80,단가!B:D,3,0) -> 10500 | H80: =F80*G80 -> 52500 | I80: =H80*0.1 -> 5250 | J80: =H80+I80 -> 57750
A81: 02/06 | C81: 라미랑드 | D81: 만델링(25도) | E81: 200/G | F81: 5 | G81: =VLOOKUP(D81,단가!B:D,3,0) -> 10500 | H81: =F81*G81 -> 52500 | I81: =H81*0.1 -> 5250 | J81: =H81+I81 -> 57750
A82: 02/06 | C82: 라미랑드 | D82: 블렌딩-다크 | E82: 1/KG | F82: 1 | G82: =VLOOKUP(D82,단가!B:D,3,0) -> 20000 | H82: =F82*G82 -> 20000 | I82: =H82*0.1 -> 2000 | J82: =H82+I82 -> 22000
A83: 02/06 | C83: 라미랑드 | D83: 블렌딩-라이트. | E83: 1/KG | F83: 5 | G83: =VLOOKUP(D83,단가!B:D,3,0) -> 22000 | H83: =F83*G83 -> 110000 | I83: =H83*0.1 -> 11000 | J83: =H83+I83 -> 121000
... A93: 02/14 | C93: ㈜그랜드타이어 강변지점 | D93: 블렌딩-다크(그랜드타이어) | E93: 1/KG | F93: 4 | G93: =VLOOKUP(D93,단가!B:D,3,0) -> 32000 | H93: =F93*G93 -> 128000 | I93: =H93*0.1 -> 12800 | J93: =H93+I93 -> 140800
A94: 02/14 | C94: ㈜그랜드타이어 강변지점 | D94: 카페시럽 | E94: 1.5/L | F94: 1 | G94: 3500 | H94: =F94*G94 -> 3500 | I94: =H94*0.1 -> 350 | J94: =H94+I94 -> 3850
A95: 02/14 | C95: 까페 산성 | D95: 블렌딩-다크 | E95: 1/KG | F95: 5 | G95: =VLOOKUP(D95,단가!B:D,3,0) -> 20000 | H95: =F95*G95 -> 100000 | I95: =H95*0.1 -> 10000 | J95: =H95+I95 -> 110000
A96: 02/14 | C96: 까페 산성 | D96: 예가체프(25도) | E96: 200/G | F96: 1 | G96: =VLOOKUP(D96,단가!B:D,3,0) -> 10500 | H96: =F96*G96 -> 10500 | I96: =H96*0.1 -> 1050 | J96: =H96+I96 -> 11550
A97: 02/17 | C97: 길 연산점 | D97: 블렌딩-다크 | E97: 1/KG | F97: 10 | G97: =VLOOKUP(D97,단가!B:D,3,0) -> 20000 | H97: =F97*G97 -> 200000 | I97: =H97*0.1 -> 20000 | J97: =H97+I97 -> 220000
A98: 02/17 | C98: 길 연산점 | D98: 더치-길 디카페인 | E98: 1/L | F98: 2 | G98: =VLOOKUP(D98,단가!B:D,3,0) -> 8000 | H98: =F98*G98 -> 16000 | I98: =H98*0.1 -> 1600 | J98: =H98+I98 -> 17600
A99: 02/17 | C99: 라미랑드 | D99: 블렌딩-다크 | E99: 1/KG | F99: 5 | G99: =VLOOKUP(D99,단가!B:D,3,0) -> 20000 | H99: =F99*G99 -> 100000 | I99: =H99*0.1 -> 10000 | J99: =H99+I99 -> 110000
A100: 02/17 | C100: 라미랑드 | D100: 예가체프(25도) | E100: 200/G | F100: 5 | G100: =VLOOKUP(D100,단가!B:D,3,0) -> 10500 | H100: =F100*G100 -> 52500 | I100: =H100*0.1 -> 5250 | J100: =H100+I100 -> 57750
A101: 02/17 | C101: 라미랑드 | D101: 안티구아(25도) | E101: 200/G | F101: 5 | G101: =VLOOKUP(D101,단가!B:D,3,0) -> 10500 | H101: =F101*G101 -> 52500 | I101: =H101*0.1 -> 5250 | J101: =H101+I101 -> 57750
A102: 02/17 | C102: 라미랑드 | D102: 모모라(25도) | E102: 200/G | F102: 5 | G102: =VLOOKUP(D102,단가!B:D,3,0) -> 10500 | H102: =F102*G102 -> 52500 | I102: =H102*0.1 -> 5250 | J102: =H102+I102 -> 57750
A103: 02/17 | C103: 라미랑드 | D103: 코케허니(25도) | E103: 200/G | F103: 5 | G103: =VLOOKUP(D103,단가!B:D,3,0) -> 10500 | H103: =F103*G103 -> 52500 | I103: =H103*0.1 -> 5250 | J103: =H103+I103 -> 57750
A104: 02/17 | C104: 메리본 | D104: 블렌딩-다크 | E104: 1/KG | F104: 1 | G104: =VLOOKUP(D104,단가!B:D,3,0) -> 20000 | H104: =F104*G104 -> 20000 | I104: =H104*0.1 -> 2000 | J104: =H104+I104 -> 22000
A105: 02/18 | C105: 까페 산성 | D105: 블렌딩-다크 | E105: 1/KG | F105: 3 | G105: =VLOOKUP(D105,단가!B:D,3,0) -> 20000 | H105: =F105*G105 -> 60000 | I105: =H105*0.1 -> 6000 | J105: =H105+I105 -> 66000
A106: 02/18 | C106: 까페 산성 | D106: 블렌딩-라이트. | E106: 1/KG | F106: 1 | G106: =VLOOKUP(D106,단가!B:D,3,0) -> 22000 | H106: =F106*G106 -> 22000 | I106: =H106*0.1 -> 2200 | J106: =H106+I106 -> 24200
... A117: 02/25 | C117: 라미랑드 | D117: 코케허니(25도) | E117: 200/G | F117: 5 | G117: =VLOOKUP(D117,단가!B:D,3,0) -> 10500 | H117: =F117*G117 -> 52500 | I117: =H117*0.1 -> 5250 | J117: =H117+I117 -> 57750
A118: 02/25 | C118: 그랜드타이어-거제지점 | D118: 머신 렌탈료 | F118: 1 | G118: =VLOOKUP(D118,단가!B:D,3,0) -> 30000 | H118: =F118*G118 -> 30000 | I118: =H118*0.1 -> 3000 | J118: =H118+I118 -> 33000
A119: 02/25 | C119: (주)그랜드타이어 | D119: 머신 렌탈료 | F119: 1 | G119: =VLOOKUP(D119,단가!B:D,3,0) -> 30000 | H119: =F119*G119 -> 30000 | I119: =H119*0.1 -> 3000 | J119: =H119+I119 -> 33000
A120: 02/25 | C120: ㈜ 그레이트타이어 창원지점 | D120: 머신 렌탈료 | F120: 1 | G120: =VLOOKUP(D120,단가!B:D,3,0) -> 30000 | H120: =F120*G120 -> 30000 | I120: =H120*0.1 -> 3000 | J120: =H120+I120 -> 33000
A121: 02/25 | C121: 주식회사 그랜드타이어 부산시청지점 | D121: 머신 렌탈료 | F121: 1 | G121: =VLOOKUP(D121,단가!B:D,3,0) -> 30000 | H121: =F121*G121 -> 30000 | I121: =H121*0.1 -> 3000 | J121: =H121+I121 -> 33000
A122: 02/25 | C122: 주식회사 그랜드타이어 서면지점 | D122: 머신 렌탈료 | F122: 1 | G122: =VLOOKUP(D122,단가!B:D,3,0) -> 30000 | H122: =F122*G122 -> 30000 | I122: =H122*0.1 -> 3000 | J122: =H122+I122 -> 33000
A123: 02/25 | C123: ㈜그랜드타이어 강변지점 | D123: 머신 렌탈료 | F123: 1 | G123: =VLOOKUP(D123,단가!B:D,3,0) -> 30000 | H123: =F123*G123 -> 30000 | I123: =H123*0.1 -> 3000 | J123: =H123+I123 -> 33000
A124: 02/25 | C124: 주식회사 그랜드타이어 연지점 | D124: 머신 렌탈료 | F124: 1 | G124: =VLOOKUP(D124,단가!B:D,3,0) -> 30000 | H124: =F124*G124 -> 30000 | I124: =H124*0.1 -> 3000 | J124: =H124+I124 -> 33000
A125: 02/25 | C125: ㈜ 그랜드타이어 정관지점 | D125: 머신 렌탈료 | F125: 1 | G125: =VLOOKUP(D125,단가!B:D,3,0) -> 30000 | H125: =F125*G125 -> 30000 | I125: =H125*0.1 -> 3000 | J125: =H125+I125 -> 33000
A126: 02/25 | C126: ㈜ 그랜드타이어 양산지점 | D126: 머신 렌탈료 | F126: 1 | G126: =VLOOKUP(D126,단가!B:D,3,0) -> 30000 | H126: =F126*G126 -> 30000 | I126: =H126*0.1 -> 3000 | J126: =H126+I126 -> 33000
A127: 02/25 | C127: 주식회사 그레이트타이어 서김해지점 | D127: 머신 렌탈료 | F127: 1 | G127: =VLOOKUP(D127,단가!B:D,3,0) -> 30000 | H127: =F127*G127 -> 30000 | I127: =H127*0.1 -> 3000 | J127: =H127+I127 -> 33000
A128: 02/28 | C128: 카푸치노 | D128: 블렌딩-다크 | E128: 1/KG | F128: 3 | G128: =VLOOKUP(D128,단가!B:D,3,0) -> 20000 | H128: =F128*G128 -> 60000 | I128: =H128*0.1 -> 6000 | J128: =H128+I128 -> 66000
A129: 02/28 | C129: 라미랑드 | D129: 블렌딩-다크 | E129: 1/KG | F129: 5 | G129: =VLOOKUP(D129,단가!B:D,3,0) -> 20000 | H129: =F129*G129 -> 100000 | I129: =H129*0.1 -> 10000 | J129: =H129+I129 -> 110000
A130: 02/28 | C130: 라미랑드 | D130: 블렌딩-라이트. | E130: 1/KG | F130: 1 | G130: =VLOOKUP(D130,단가!B:D,3,0) -> 22000 | H130: =F130*G130 -> 22000 | I130: =H130*0.1 -> 2200 | J130: =H130+I130 -> 24200
A131: 03/01 | C131: 앤트힐 | D131: 블렌딩-라이트. | E131: 1/KG | F131: 10 | G131: =VLOOKUP(D131,단가!B:D,3,0) -> 22000 | H131: =F131*G131 -> 220000 | I131: =H131*0.1 -> 22000 | J131: =H131+I131 -> 242000
A132: 03/03 | C132: 라미랑드 | D132: 안티구아(25도) | E132: 200/G | F132: 5 | G132: =VLOOKUP(D132,단가!B:D,3,0) -> 10500 | H132: =F132*G132 -> 52500 | I132: =H132*0.1 -> 5250 | J132: =H132+I132 -> 57750
A133: 03/03 | C133: 라미랑드 | D133: 유로(25도) | E133: 200/G | F133: 5 | G133: =VLOOKUP(D133,단가!B:D,3,0) -> 10500 | H133: =F133*G133 -> 52500 | I133: =H133*0.1 -> 5250 | J133: =H133+I133 -> 57750
A134: 03/03 | C134: 라미랑드 | D134: 케냐(25도) | E134: 200/G | F134: 5 | G134: =VLOOKUP(D134,단가!B:D,3,0) -> 10500 | H134: =F134*G134 -> 52500 | I134: =H134*0.1 -> 5250 | J134: =H134+I134 -> 57750
A135: 03/03 | C135: 라미랑드 | D135: 코케허니(25도) | E135: 200/G | F135: 5 | G135: =VLOOKUP(D135,단가!B:D,3,0) -> 10500 | H135: =F135*G135 -> 52500 | I135: =H135*0.1 -> 5250 | J135: =H135+I135 -> 57750
A136: 03/03 | C136: 라미랑드 | D136: 모모라(25도) | E136: 200/G | F136: 5 | G136: =VLOOKUP(D136,단가!B:D,3,0) -> 10500 | H136: =F136*G136 -> 52500 | I136: =H136*0.1 -> 5250 | J136: =H136+I136 -> 57750
A137: 03/03 | C137: 라미랑드 | D137: 블렌딩-다크 | E137: 1/KG | F137: 2 | G137: =VLOOKUP(D137,단가!B:D,3,0) -> 20000 | H137: =F137*G137 -> 40000 | I137: =H137*0.1 -> 4000 | J137: =H137+I137 -> 44000
A138: 03/04 | C138: 주식회사 그랜드타이어 부산시청지점 | D138: 블렌딩-다크(그랜드타이어) | E138: 1/KG | F138: 2 | G138: =VLOOKUP(D138,단가!B:D,3,0) -> 32000 | H138: =F138*G138 -> 64000 | I138: =H138*0.1 -> 6400 | J138: =H138+I138 -> 70400
A139: 03/04 | C139: 까페 산성 | D139: 블렌딩-다크 | E139: 1/KG | F139: 5 | G139: =VLOOKUP(D139,단가!B:D,3,0) -> 20000 | H139: =F139*G139 -> 100000 | I139: =H139*0.1 -> 10000 | J139: =H139+I139 -> 110000
... A187: 03/25 | C187: 라미랑드 | D187: 나리노(25도) | E187: 200/G | F187: 5 | G187: =VLOOKUP(D187,단가!B:D,3,0) -> 10500 | H187: =F187*G187 -> 52500 | I187: =H187*0.1 -> 5250 | J187: =H187+I187 -> 57750
A188: 03/25 | C188: 그랜드타이어-거제지점 | D188: 머신 렌탈료 | F188: 1 | G188: =VLOOKUP(D188,단가!B:D,3,0) -> 30000 | H188: =F188*G188 -> 30000 | I188: =H188*0.1 -> 3000 | J188: =H188+I188 -> 33000
A189: 03/25 | C189: (주)그랜드타이어 | D189: 머신 렌탈료 | F189: 1 | G189: =VLOOKUP(D189,단가!B:D,3,0) -> 30000 | H189: =F189*G189 -> 30000 | I189: =H189*0.1 -> 3000 | J189: =H189+I189 -> 33000
A190: 03/25 | C190: ㈜ 그레이트타이어 창원지점 | D190: 머신 렌탈료 | F190: 1 | G190: =VLOOKUP(D190,단가!B:D,3,0) -> 30000 | H190: =F190*G190 -> 30000 | I190: =H190*0.1 -> 3000 | J190: =H190+I190 -> 33000
A191: 03/25 | C191: 주식회사 그랜드타이어 부산시청지점 | D191: 머신 렌탈료 | F191: 1 | G191: =VLOOKUP(D191,단가!B:D,3,0) -> 30000 | H191: =F191*G191 -> 30000 | I191: =H191*0.1 -> 3000 | J191: =H191+I191 -> 33000
A192: 03/25 | C192: 주식회사 그랜드타이어 서면지점 | D192: 머신 렌탈료 | F192: 1 | G192: =VLOOKUP(D192,단가!B:D,3,0) -> 30000 | H192: =F192*G192 -> 30000 | I192: =H192*0.1 -> 3000 | J192: =H192+I192 -> 33000
A193: 03/25 | C193: ㈜그랜드타이어 강변지점 | D193: 머신 렌탈료 | F193: 1 | G193: =VLOOKUP(D193,단가!B:D,3,0) -> 30000 | H193: =F193*G193 -> 30000 | I193: =H193*0.1 -> 3000 | J193: =H193+I193 -> 33000
A194: 03/25 | C194: 주식회사 그랜드타이어 연지점 | D194: 머신 렌탈료 | F194: 1 | G194: =VLOOKUP(D194,단가!B:D,3,0) -> 30000 | H194: =F194*G194 -> 30000 | I194: =H194*0.1 -> 3000 | J194: =H194+I194 -> 33000
A195: 03/25 | C195: ㈜ 그랜드타이어 정관지점 | D195: 머신 렌탈료 | F195: 1 | G195: =VLOOKUP(D195,단가!B:D,3,0) -> 30000 | H195: =F195*G195 -> 30000 | I195: =H195*0.1 -> 3000 | J195: =H195+I195 -> 33000
A196: 03/25 | C196: ㈜ 그랜드타이어 양산지점 | D196: 머신 렌탈료 | F196: 1 | G196: =VLOOKUP(D196,단가!B:D,3,0) -> 30000 | H196: =F196*G196 -> 30000 | I196: =H196*0.1 -> 3000 | J196: =H196+I196 -> 33000
A197: 03/25 | C197: 주식회사 그레이트타이어 서김해지점 | D197: 머신 렌탈료 | F197: 1 | G197: =VLOOKUP(D197,단가!B:D,3,0) -> 30000 | H197: =F197*G197 -> 30000 | I197: =H197*0.1 -> 3000 | J197: =H197+I197 -> 33000
A198: 03/26 | C198: 메리본 | D198: 블렌딩-다크 | E198: 1/KG | F198: 3 | G198: =VLOOKUP(D198,단가!B:D,3,0) -> 20000 | H198: =F198*G198 -> 60000 | I198: =H198*0.1 -> 6000 | J198: =H198+I198 -> 66000
A199: 03/26 | C199: 까페 산성 | D199: 블렌딩-다크 | E199: 1/KG | F199: 2 | G199: =VLOOKUP(D199,단가!B:D,3,0) -> 20000 | H199: =F199*G199 -> 40000 | I199: =H199*0.1 -> 4000 | J199: =H199+I199 -> 44000
A200: 03/26 | C200: 까페 산성 | D200: 더치-예가체프(25도) | E200: 500/ML | F200: 1 | G200: =VLOOKUP(D200,단가!B:D,3,0) -> 10500 | H200: =F200*G200 -> 10500 | I200: =H200*0.1 -> 1050 | J200: =H200+I200 -> 11550
A201: 03/26 | C201: 팜에이트 | D201: 블렌딩-라이트. | E201: 1/KG | F201: 10 | G201: =VLOOKUP(D201,단가!B:D,3,0) -> 22000 | H201: =F201*G201 -> 220000 | I201: =H201*0.1 -> 22000 | J201: =H201+I201 -> 242000
A202: 03/26 | C202: 길브런치 경기이천점 | D202: 더치-길 다크 | E202: 1/L | F202: 4 | G202: =VLOOKUP(D202,단가!B:D,3,0) -> 6000 | H202: =F202*G202 -> 24000 | I202: =H202*0.1 -> 2400 | J202: =H202+I202 -> 26400
A203: 03/26 | C203: 길브런치 경기이천점 | D203: 더치-길 디카페인 | E203: 1/L | F203: 4 | G203: =VLOOKUP(D203,단가!B:D,3,0) -> 8000 | H203: =F203*G203 -> 32000 | I203: =H203*0.1 -> 3200 | J203: =H203+I203 -> 35200
A204: 03/29 | C204: 라미랑드 | D204: 블렌딩-다크 | E204: 1/KG | F204: 4 | G204: =VLOOKUP(D204,단가!B:D,3,0) -> 20000 | H204: =F204*G204 -> 80000 | I204: =H204*0.1 -> 8000 | J204: =H204+I204 -> 88000
A205: 03/31 | C205: 길 연산점 | D205: 블렌딩-다크 | E205: 1/KG | F205: 10 | G205: =VLOOKUP(D205,단가!B:D,3,0) -> 20000 | H205: =F205*G205 -> 200000 | I205: =H205*0.1 -> 20000 | J205: =H205+I205 -> 220000
A206: 03/31 | C206: 길 연산점 | D206: 더치-길 디카페인 | E206: 1/L | F206: 2 | G206: =VLOOKUP(D206,단가!B:D,3,0) -> 8000 | H206: =F206*G206 -> 16000 | I206: =H206*0.1 -> 1600 | J206: =H206+I206 -> 17600
...
