Workbook

Sheet 운영경비_계산
A1: 【 운영경비 산출 】 노란 셀만 수정 → 합계가 원두별_마진 시트에 반영
A2: 항목 | B2: 1kg | C2: 200g | D2: 설명
A3: 봉지 | B3: 2000 | C3: 900 | D3: 밸브백·크라프트 등
A4: 라벨 | B4: 800 | C4: 700 | D4: 라벨·인쇄비
A5: 스티커·테이프 등 | B5: 200 | C5: 200 | D5: 기타 포장재
A6: 포장 소계 | B6: =SUM(B3:B5) -> 3000 | C6: =SUM(C3:C5) -> 1800
A8: 【 충전·인건 】
A9: 충전시간 (분) | B9: 2 | C9: 2.5 | D9: 팩당 계량·충전·밀봉 시간
A10: 시급 (원/시간) | B10: 12000 | D10: =분÷60×시급 -> #NAME?
A11: 충전 인건비 | B11: =B9/60*$B$10 -> 400 | C11: =C9/60*$B$10 -> 500
A13: 【 손실·재작업 】
A14: 예비비 (원) | B14: 200 | C14: 150
A16: 【 배송 안분 】
A17: 택배비 (원/건) | B17: 3500
A18: 주문당 평균 팩 수 | B18: 2.5 | C18: 5
A19: 배송 안분 | B19: =IF($B$18=0,0,$B$17/$B$18) -> 1400 | C19: =IF($C$18=0,0,$B$17/$C$18) -> 700
A21: 【 월 고정비 안분 (선택) 】
A22: 월 고정비 합계 (원) | B22: 0
A23: 월 판매량 (kg) | B23: 200
A24: 고정비 안분 | B24: =IF($B$23=0,0,$B$22/$B$23) -> 0 | C24: =IF($B$23=0,0,$B$22/$B$23*0.2) -> 0
A32: ▶ 운영경비 합계 | B32: =B6+B11+B14+B19+B24 -> 5000 | C32: =C6+C11+C14+C19+C24 -> 3150
A34: ※ 200g 배송비를 더 높게 잡으려면 C19에 숫자 직접 입력

Sheet 블렌딩_레시피
A1: 【 블렌딩 생두가 】 비율(노란) 수정 → 가중평균이 원두별_마진에 반영
A2: 블렌드 | B2: 구성 원두 | C2: 비율 | D2: 생두가(연동) | E2: 비율×가격 | F2: 검算
A3: 블렌딩 다크 (세라도:시다모:나리노=3:1:1)
B4: 브라질 세라도 | C4: 3 | D4: =원두별_마진!$B$20 -> 13000 | E4: =C4*D4 -> 39000
B5: 에티오피아 시다모 G4 | C5: 1 | D5: =원두별_마진!$B$24 -> 13500 | E5: =C5*D5 -> 13500
B6: 콜롬비아 나리노 수프리모 | C6: 1 | D6: =원두별_마진!$B$21 -> 15600 | E6: =C6*D6 -> 15600
A7: ▶ 블렌드 생두가 | B7: =가중평균 -> #NAME? | D7: =IF(SUM(C4:C6)=0,"",SUM(E4:E6)/SUM(C4:C6)) -> 13620 | F7: 브라질×3 / 에티오피아×1 / 콜롬비아×1
A10: 블렌딩 라이트 (예가체프:시다모:나리노=1:1:2)
B11: 에티오피아 예가체프 G2 | C11: 1 | D11: =원두별_마진!$B$14 -> 16900 | E11: =C11*D11 -> 16900
B12: 에티오피아 시다모 G4 | C12: 1 | D12: =원두별_마진!$B$24 -> 13500 | E12: =C12*D12 -> 13500
B13: 콜롬비아 나리노 수프리모 | C13: 2 | D13: =원두별_마진!$B$21 -> 15600 | E13: =C13*D13 -> 31200
A14: ▶ 블렌드 생두가 | B14: =가중평균 -> #NAME? | D14: =IF(SUM(C11:C13)=0,"",SUM(E11:E13)/SUM(C11:C13)) -> 15400 | F14: 에티오피아×1 / 에티오피아×1 / 콜롬비아×2
A40: ※ 생두가(연동) = 원두별_마진 시트의 싱글 오리진 생두가
A41: ※ 블렌드 생두가 = Σ(비율×생두가) ÷ Σ(비율)

Sheet 원두별_마진
A1: 【 설정 】 노란=입력 · 하늘=블렌드(자동) · 운영경비→운영경비_계산
A3: 로스율 (예: 0.2 = 20%) | B3: 0.2 | C3: 생두배수 | D3: =1/(1-B3) -> 1.25
A4: 운영경비 1kg (원) ← 자동 | B4: =운영경비_계산!$B32 -> 5000
A5: 운영경비 200g (원) ← 자동 | B5: =운영경비_계산!$C32 -> 3150
A6: 목표 마진율 (제안판매가용, 0.4 = 40%) | B6: 0.4
A7: ※ 싱글 오리진 생두가(노란) 변경 → 블렌딩 생두가 자동 갱신
A8: ※ 블렌딩 비율 변경 → 블렌딩_레시피 시트
A9: ※ 원두원가 = 생두가 × 1÷(1−로스율)
A12: 품목 | B12: 생두가 (원/kg) | C12: 원두원가 1kg | D12: 원두원가 200g | E12: 운영경비 1kg | F12: 운영경비 200g | G12: 제안판매가 1kg | H12: 제안판매가 200g | I12: 판매가 1kg | J12: 판매가 200g | K12: 마진액 1kg | L12: 마진액 200g | M12: 마진율 1kg | N12: 마진율 200g
A13: 에티오피아 코케허니 예가체프 G1 | B13: 22400 | C13: =B13*1/(1-$B$3) -> 28000 | D13: =B13*0.2*1/(1-$B$3) -> 5600 | E13: =$B$4 -> 5000 | F13: =$B$5 -> 3150 | G13: =(C13+E13)/(1-$B$6) -> 55000 | H13: =(D13+F13)/(1-$B$6) -> 14583.333 | I13: =ROUND(G13/1000,0)*1000 -> 55000 | J13: =ROUND(H13/500,0)*500 -> 14500 | K13: =I13-C13-E13 -> 22000 | L13: =J13-D13-F13 -> 5750 | M13: =IF(I13=0,"",K13/I13) -> 0.4 | N13: =IF(J13=0,"",L13/J13) -> 0.39655172
A14: 에티오피아 예가체프 G2 | B14: 16900 | C14: =B14*1/(1-$B$3) -> 21125 | D14: =B14*0.2*1/(1-$B$3) -> 4225 | E14: =$B$4 -> 5000 | F14: =$B$5 -> 3150 | G14: =(C14+E14)/(1-$B$6) -> 43541.667 | H14: =(D14+F14)/(1-$B$6) -> 12291.667 | I14: =ROUND(G14/1000,0)*1000 -> 44000 | J14: =ROUND(H14/500,0)*500 -> 12500 | K14: =I14-C14-E14 -> 17875 | L14: =J14-D14-F14 -> 5125 | M14: =IF(I14=0,"",K14/I14) -> 0.40625 | N14: =IF(J14=0,"",L14/J14) -> 0.41
A15: 에티오피아 모모라 워시드 구지 G1 | B15: 23000 | C15: =B15*1/(1-$B$3) -> 28750 | D15: =B15*0.2*1/(1-$B$3) -> 5750 | E15: =$B$4 -> 5000 | F15: =$B$5 -> 3150 | G15: =(C15+E15)/(1-$B$6) -> 56250 | H15: =(D15+F15)/(1-$B$6) -> 14833.333 | I15: =ROUND(G15/1000,0)*1000 -> 56000 | J15: =ROUND(H15/500,0)*500 -> 15000 | K15: =I15-C15-E15 -> 22250 | L15: =J15-D15-F15 -> 6100 | M15: =IF(I15=0,"",K15/I15) -> 0.39732143 | N15: =IF(J15=0,"",L15/J15) -> 0.40666667
A16: 케냐 AA FAQ | B16: 16800 | C16: =B16*1/(1-$B$3) -> 21000 | D16: =B16*0.2*1/(1-$B$3) -> 4200 | E16: =$B$4 -> 5000 | F16: =$B$5 -> 3150 | G16: =(C16+E16)/(1-$B$6) -> 43333.333 | H16: =(D16+F16)/(1-$B$6) -> 12250 | I16: =ROUND(G16/1000,0)*1000 -> 43000 | J16: =ROUND(H16/500,0)*500 -> 12500 | K16: =I16-C16-E16 -> 17000 | L16: =J16-D16-F16 -> 5150 | M16: =IF(I16=0,"",K16/I16) -> 0.39534884 | N16: =IF(J16=0,"",L16/J16) -> 0.412
A17: 인도네시아 아체가요 G1 | B17: 18600 | C17: =B17*1/(1-$B$3) -> 23250 | D17: =B17*0.2*1/(1-$B$3) -> 4650 | E17: =$B$4 -> 5000 | F17: =$B$5 -> 3150 | G17: =(C17+E17)/(1-$B$6) -> 47083.333 | H17: =(D17+F17)/(1-$B$6) -> 13000 | I17: =ROUND(G17/1000,0)*1000 -> 47000 | J17: =ROUND(H17/500,0)*500 -> 13000 | K17: =I17-C17-E17 -> 18750 | L17: =J17-D17-F17 -> 5200 | M17: =IF(I17=0,"",K17/I17) -> 0.39893617 | N17: =IF(J17=0,"",L17/J17) -> 0.4
A18: 인도네시아 만델링 G1 | B18: 15800 | C18: =B18*1/(1-$B$3) -> 19750 | D18: =B18*0.2*1/(1-$B$3) -> 3950 | E18: =$B$4 -> 5000 | F18: =$B$5 -> 3150 | G18: =(C18+E18)/(1-$B$6) -> 41250 | H18: =(D18+F18)/(1-$B$6) -> 11833.333 | I18: =ROUND(G18/1000,0)*1000 -> 41000 | J18: =ROUND(H18/500,0)*500 -> 12000 | K18: =I18-C18-E18 -> 16250 | L18: =J18-D18-F18 -> 4900 | M18: =IF(I18=0,"",K18/I18) -> 0.39634146 | N18: =IF(J18=0,"",L18/J18) -> 0.40833333
A19: 과테말라 안티구아 SHB | B19: 16000 | C19: =B19*1/(1-$B$3) -> 20000 | D19: =B19*0.2*1/(1-$B$3) -> 4000 | E19: =$B$4 -> 5000 | F19: =$B$5 -> 3150 | G19: =(C19+E19)/(1-$B$6) -> 41666.667 | H19: =(D19+F19)/(1-$B$6) -> 11916.667 | I19: =ROUND(G19/1000,0)*1000 -> 42000 | J19: =ROUND(H19/500,0)*500 -> 12000 | K19: =I19-C19-E19 -> 17000 | L19: =J19-D19-F19 -> 4850 | M19: =IF(I19=0,"",K19/I19) -> 0.4047619 | N19: =IF(J19=0,"",L19/J19) -> 0.40416667
A20: 브라질 세라도 | B20: 13000 | C20: =B20*1/(1-$B$3) -> 16250 | D20: =B20*0.2*1/(1-$B$3) -> 3250 | E20: =$B$4 -> 5000 | F20: =$B$5 -> 3150 | G20: =(C20+E20)/(1-$B$6) -> 35416.667 | H20: =(D20+F20)/(1-$B$6) -> 10666.667 | I20: =ROUND(G20/1000,0)*1000 -> 35000 | J20: =ROUND(H20/500,0)*500 -> 10500 | K20: =I20-C20-E20 -> 13750 | L20: =J20-D20-F20 -> 4100 | M20: =IF(I20=0,"",K20/I20) -> 0.39285714 | N20: =IF(J20=0,"",L20/J20) -> 0.39047619
A21: 콜롬비아 나리노 수프리모 | B21: 15600 | C21: =B21*1/(1-$B$3) -> 19500 | D21: =B21*0.2*1/(1-$B$3) -> 3900 | E21: =$B$4 -> 5000 | F21: =$B$5 -> 3150 | G21: =(C21+E21)/(1-$B$6) -> 40833.333 | H21: =(D21+F21)/(1-$B$6) -> 11750 | I21: =ROUND(G21/1000,0)*1000 -> 41000 | J21: =ROUND(H21/500,0)*500 -> 12000 | K21: =I21-C21-E21 -> 16500 | L21: =J21-D21-F21 -> 4950 | M21: =IF(I21=0,"",K21/I21) -> 0.40243902 | N21: =IF(J21=0,"",L21/J21) -> 0.4125
A22: 과테말라 안티구아 디카페인 | B22: 25000 | C22: =B22*1/(1-$B$3) -> 31250 | D22: =B22*0.2*1/(1-$B$3) -> 6250 | E22: =$B$4 -> 5000 | F22: =$B$5 -> 3150 | G22: =(C22+E22)/(1-$B$6) -> 60416.667 | H22: =(D22+F22)/(1-$B$6) -> 15666.667 | I22: =ROUND(G22/1000,0)*1000 -> 60000 | J22: =ROUND(H22/500,0)*500 -> 15500 | K22: =I22-C22-E22 -> 23750 | L22: =J22-D22-F22 -> 6100 | M22: =IF(I22=0,"",K22/I22) -> 0.39583333 | N22: =IF(J22=0,"",L22/J22) -> 0.39354839
A23: 브라질 슈가케인 디카페인 | B23: 22000 | C23: =B23*1/(1-$B$3) -> 27500 | D23: =B23*0.2*1/(1-$B$3) -> 5500 | E23: =$B$4 -> 5000 | F23: =$B$5 -> 3150 | G23: =(C23+E23)/(1-$B$6) -> 54166.667 | H23: =(D23+F23)/(1-$B$6) -> 14416.667 | I23: =ROUND(G23/1000,0)*1000 -> 54000 | J23: =ROUND(H23/500,0)*500 -> 14500 | K23: =I23-C23-E23 -> 21500 | L23: =J23-D23-F23 -> 5850 | M23: =IF(I23=0,"",K23/I23) -> 0.39814815 | N23: =IF(J23=0,"",L23/J23) -> 0.40344828
A24: 에티오피아 시다모 G4 | B24: 13500 | C24: =B24*1/(1-$B$3) -> 16875 | D24: =B24*0.2*1/(1-$B$3) -> 3375 | E24: =$B$4 -> 5000 | F24: =$B$5 -> 3150 | G24: =(C24+E24)/(1-$B$6) -> 36458.333 | H24: =(D24+F24)/(1-$B$6) -> 10875 | I24: =ROUND(G24/1000,0)*1000 -> 36000 | J24: =ROUND(H24/500,0)*500 -> 11000 | K24: =I24-C24-E24 -> 14125 | L24: =J24-D24-F24 -> 4475 | M24: =IF(I24=0,"",K24/I24) -> 0.39236111 | N24: =IF(J24=0,"",L24/J24) -> 0.40681818
A25: 블렌딩 다크 (세라도:시다모:나리노=3:1:1) | B25: =블렌딩_레시피!$D$7 -> 13620 | C25: =B25*1/(1-$B$3) -> 17025 | D25: =B25*0.2*1/(1-$B$3) -> 3405 | E25: =$B$4 -> 5000 | F25: =$B$5 -> 3150 | G25: =(C25+E25)/(1-$B$6) -> 36708.333 | H25: =(D25+F25)/(1-$B$6) -> 10925 | I25: =ROUND(G25/1000,0)*1000 -> 37000 | J25: =ROUND(H25/500,0)*500 -> 11000 | K25: =I25-C25-E25 -> 14975 | L25: =J25-D25-F25 -> 4445 | M25: =IF(I25=0,"",K25/I25) -> 0.40472973 | N25: =IF(J25=0,"",L25/J25) -> 0.40409091
A26: 블렌딩 라이트 (예가체프:시다모:나리노=1:1:2) | B26: =블렌딩_레시피!$D$14 -> 15400 | C26: =B26*1/(1-$B$3) -> 19250 | D26: =B26*0.2*1/(1-$B$3) -> 3850 | E26: =$B$4 -> 5000 | F26: =$B$5 -> 3150 | G26: =(C26+E26)/(1-$B$6) -> 40416.667 | H26: =(D26+F26)/(1-$B$6) -> 11666.667 | I26: =ROUND(G26/1000,0)*1000 -> 40000 | J26: =ROUND(H26/500,0)*500 -> 11500 | K26: =I26-C26-E26 -> 15750 | L26: =J26-D26-F26 -> 4500 | M26: =IF(I26=0,"",K26/I26) -> 0.39375 | N26: =IF(J26=0,"",L26/J26) -> 0.39130435
A28: 평균 마진율 | M28: =AVERAGE(M13:M26) -> 0.39850559 | N28: =AVERAGE(N13:N26) -> 0.40285033

Sheet 사용법
A1: 원두별 마진 계산 엑셀 — 사용법
A3: 【 시트 】
A4: · 운영경비_계산 / 블렌딩_레시피 / 원두별_마진
A6: 【 블렌딩 생두가 】
A7: · 싱글 오리진 생두가(노란)를 바꾸면 블렌드 가격이 자동 반영
A8: · 블렌딩_레시피 시트에서 비율(노란) 수정 가능
A9: · 공식: (비율1×생두가1 + 비율2×생두가2 + …) ÷ 비율 합
A10: · 예) 다크 = (세라도×3 + 시다모×1 + 나리노×1) ÷ 5
A12: 【 운영경비 】
A13: · 운영경비_계산 시트 노란 셀 수정 → 원두별_마진 B4·B5 연동
A15: 【 원두별_마진 】
A16: · 노란=싱글 생두가 입력 / 하늘=블렌드(수식) / 주황=판매가
